security_key,code,name,cornerstone_names,cornerstone_investor_count,cornerstone_amount_hkd,cornerstone_ratio,cornerstone_lockup_months,cornerstone_lockup_end_date,cornerstone_quality_tags,industry,source_files
0068.HK,0068.HK,群核科技,"泰康人寿保险有限责任公司；阳光人寿保险股份有限公司；REDWOOD ELITE LIMITED；广发基金管理有限公司及广发国际资产管理有限公司；Mirae Asset Securities Co., Ltd.；雾淞资本有限公司；Hesai Hong Kong Limited；国惠(香港)控股有限公司；华营建筑集团控股有限公司",9,454524740.0,0.3712,6.0,2026-10-17,产业方；长线基金；主权/国资；上市公司关联,应用软件,港股IPO基石投资者.csv
0100.HK,0100.HK,MINIMAX-W,"Abu Dhabi Investment Authority；Janchor Funds；Aspex Master Fund；Abstract Enigma Limited；Alisoft China Holding Limited；Perseverance Asset Management International (Singapore) Pte. Ltd.；Mirae Asset Securities Co., Ltd.；泰康人寿保险有限公司；MPC VII Pte. Ltd.；汇添富资产管理(香港)有限公司；Martis Fund, L.P；IDG Breyer Capital Fund L.P.；Eastspring Investments (Singapore) Limited；易方达基金管理有限公司",14,2723166600.0,0.5651,6.0,2026-07-09,产业方；长线基金；主权/国资,互联网服务和基础设施,港股IPO基石投资者.csv
0300.HK,0300.HK,美的集团,"中远海运控股(香港)有限公司；Splendor Achieve Limited；Supercluster Universe Limited；UBS Asset Management (Singapore) Ltd.；Golden Link Worldwide Limited；中国国有企业结构调整基金二期股份有限公司；睿远基金；大家人寿保险股份有限公司；HCEP Master Fund；CPE Investment XVI Limited；Metazone Link (HK) Limited；Jump Trading Pacific Pte. Ltd.；MY Asian Opportunities Master Fund, L.P.；Enreal Asset Management Limited；Pamalican Fund Ltd；Athos Capital Limited；中邮理财有限责任公司；Vanguard Focus Limited",18,9810991960.0,0.3165,6.0,2025-03-17,产业方；长线基金；主权/国资；上市公司关联,家用电器,港股IPO基石投资者.csv
0325.HK,0325.HK,布鲁可,景林资产管理香港有限公司；UBS Asset Management (Singapore) Ltd.；富国基金管理有限公司及富国资产管理(香港)有限公司及富国基金；富国资产管理(香港)有限公司,4,388465000.0,0.23199999999999998,6.0,2025-07-10,长线基金；主权/国资,休闲用品,港股IPO基石投资者.csv
0470.HK,0470.HK,先导智能,"Aspex Master Fund；MY Asian Opportunities Master Fund, L.P.；Oaktree Capital Management, L.P.；欧万达基金管理有限公司；Pinpoint Asset Management Limited；Qube Master Fund Ltd；Morgan Stanley & Co. International plc；无锡金筹投资管理有限公司及国泰海通证券股份有限公司；Integrated Core Strategies (Asia) Pte. Ltd.；Rome Garden Holding Limited",10,2143762500.0,0.4346,6.0,2026-08-11,产业方；长线基金；主权/国资；上市公司关联,重型电气设备,港股IPO基石投资者.csv
0501.HK,0501.HK,豪威集团,"Wildlife Willow Limited；UBS Asset Management (Singapore) Ltd.；Formosa Opportunity Limited；华勤通讯香港有限公司；天进贸易有限公司；Pudong Science and Technology (Cayman) Co., Ltd.；JSC International Investment Fund SPC；Ghisallo Fund Master Ltd；中邮理财有限责任公司；大家人寿保险股份有限公司",10,2173572960.0,0.4528,6.0,2026-07-12,产业方；长线基金；主权/国资；上市公司关联,半导体产品,港股IPO基石投资者.csv
0600.HK,0600.HK,爱芯元智,韦尔半导体香港有限公司；新马服装国际有限公司；JSC International Investment Fund SPC；NGS Super Pty Limited；Desay SV Automotive Singapore Pte. Ltd.；Factorial Master Fund；Hel Ved Master Fund；Valliance Asset Management Limited；明山资本有限公司；GRANITE ASIA IX VCC；Joyson Electronics Holdings Hong Kong Limited；Jupiter Global Master Fund Ltd.；NonaVerse (Hong Kong) Limited；青岛观澜投资管理有限公司及国泰君安证券投资(香港)有限公司；深圳市豪恩科技集团股份有限公司及CICC Financial Trading Limited；Jinyi Capital Multi-Strategy Fund SPC Ltd.,16,1442630000.0,0.4876,6.0,2026-08-10,产业方；长线基金；主权/国资；上市公司关联,半导体产品,港股IPO基石投资者.csv
0638.HK,0638.HK,广和通,香港勤道赣通有限公司；太平洋资产管理有限责任公司；张晓雷；RUIHUA (INTERNATIONAL) INVESTMENT LIMITED；广发基金管理有限公司；智度投资(香港)有限公司；国泰君安证券投资(香港)有限公司；广发国际资产管理有限公司；Dream’ee (HongKong) Open-ended Fund Company；中国太保投资管理(香港)有限公司,10,1249838000.0,0.43039999999999995,6.0,2026-04-22,产业方；长线基金；上市公司关联,通信设备,港股IPO基石投资者.csv
0664.HK,0664.HK,铜师傅,建投国际(香港)有限公司,1,30000000.0,0.0675,6.0,2026-09-30,长线基金；主权/国资,多品类零售,港股IPO基石投资者.csv
0699.HK,0699.HK,均胜电子,"Jun Sheng SP；宁波新质产业投资有限公司；钟鼎资本八期投资有限公司；Jump Trading Pacific Pte. Ltd.；Vandi Investments Limited；中邮理财有限责任公司；Fidelidade – Companhia de Seguros, S.A.",7,831974000.0,0.24389999999999992,6.0,2026-05-06,产业方；长线基金；主权/国资；上市公司关联,汽车零件与设备,港股IPO基石投资者.csv
0917.HK,0917.HK,趣致集团,金利富通有限合伙基金,1,78200000.0,0.15869999999999998,6.0,2024-11-27,产业方；长线基金,信息科技咨询与其它服务,港股IPO基石投资者.csv
1021.HK,1021.HK,华沿机器人,HHLRA基金；广发基金；Morgan Stanley & Co. International plc；晟信集团有限公司；灏浚投资及华泰资本投资有限公司；Shrewd Pioneer Limited；Eternal Summer Consulting Company Ltd.；全顺(香港)发展有限公司；VVC Technology Fund Ltd.,9,769625760.0,0.48739999999999994,6.0,2026-09-30,产业方；长线基金；主权/国资；上市公司关联,电子制造服务,港股IPO基石投资者.csv
1187.HK,1187.HK,可孚医疗,"蓝思科技(香港)有限公司；长沙雨丰科技有限公司；远信(珠海)私募基金管理有限公司及中国银河国际投资有限公司；黄雪林；盘京港景投资基金；FR M CONSULTING CO., LTD；香港汉清达实业有限公司；戴钧安；大成国际资产管理有限公司；陆勤超；中康科技控股有限公司；ODI TRUST LIMITED",12,379779250.0,0.3574,6.0,2026-11-06,产业方；长线基金；主权/国资；上市公司关联,医疗保健设备,港股IPO基石投资者.csv
1236.HK,1236.HK,乐动机器人,康成亨远景投资有限公司,1,277000000.0,0.3152,6.0,2026-11-11,,工业机械和用品及零部件,港股IPO基石投资者.csv
1276.HK,1276.HK,恒瑞医药,"GIC Private Limited；Invesco Advisers, Inc.；UBS Asset Management (Singapore) Ltd.；HHLR CF, L.P.；Cordial Solar Limited；Integrated Core Strategies (Asia) Pte. Ltd.；Oaktree Capital Management,L.P.",7,4130718270.0,0.41759999999999997,6.0,2025-11-23,长线基金；主权/国资,生物科技,港股IPO基石投资者.csv
1304.HK,1304.HK,FORTIOR,泰康人寿保险有限责任公司；保银资产管理有限公司；3W Fund Management Limited；Wind Sabre Opportunities Fund SP；华夏基金(香港)有限公司；Mega Prime Development Limited；三花国际新加坡私人有限公司；Torus Fund SP；Intac Investment Fund；Fourier Capital Management Limited,10,879131850.0,0.38939999999999997,6.0,2026-01-09,产业方；长线基金,半导体产品,港股IPO基石投资者.csv
1318.HK,1318.HK,毛戈平,"CPE Investment XV Limited；正心谷资本；Seraphim Advantage Inc.；常春藤资产管理(香港)有限公司；Mega Prime Development Limited；Brilliant Partners Fund LP,China Core Fund",6,100000000.0,0.3331,6.0,2025-06-10,长线基金,个人护理用品,港股IPO基石投资者.csv
1333.HK,1333.HK,博雷顿,香港欣威电子有限公司；长风成长股票开放式基金型公司,2,63500000.0,0.2697,9.0,2026-02-07,产业方；长线基金,建筑机械和重型运输设备,港股IPO基石投资者.csv
1334.HK,1334.HK,瑞昌国际控股,黄山建投私募基金管理有限公司；黄山市诚合新业股权投资合伙企业(有限合伙)；Emsdom Limited,3,57800000.0,0.4404,6.0,2025-01-10,产业方；长线基金；主权/国资,石油天然气设备与服务,港股IPO基石投资者.csv
1354.HK,1354.HK,经发物业,西安天博诊断技术有限公司；西安盯准教育科技有限公司；The Reynold Lemkins Group (Asia) Limited,3,53809560.0,0.4305,12.0,2025-07-03,产业方,房地产经营公司,港股IPO基石投资者.csv
1364.HK,1364.HK,古茗,"Huang River Investment Limited；GM Charm Yield (BVI) Limited；LVC；Duckling Fund, L.P.；Long-Z Fund I, LP",5,553111300.0,0.305,6.0,2025-08-12,产业方；长线基金；上市公司关联,多品类零售,港股IPO基石投资者.csv
1471.HK,1471.HK,众淼控股,洪泰国际三号有限合伙基金；The Reynold Lemkins Group (Asia) Limited,2,46200000.0,0.18710000000000002,6.0,2025-02-06,产业方；长线基金；主权/国资,保险经纪商,港股IPO基石投资者.csv
1609.HK,1609.HK,天星医疗,JSC International Investment Fund SPC – Shenghai SP；奥博亚洲四期(香港)有限公司；Mega Prime Development Limited；Poly Platinum Enterprises Limited,4,287905650.0,0.34700000000000003,6.0,2026-11-05,长线基金；主权/国资,医疗保健设备,港股IPO基石投资者.csv
1641.HK,1641.HK,红星冷链,福慧达(香港)有限公司,1,21835060.0,0.0766,6.0,2026-07-13,上市公司关联,综合支持服务,港股IPO基石投资者.csv
1768.HK,1768.HK,鸣鸣很忙,Taibai Investments Pte. Ltd.；Huang River Investment Limited；The 32 Capital Master Fund SPC Ltd.、Global Alpha Opportunities Master Fund Ltd.、BlackRock Systematic Total Alpha Master Fund Ltd.、BlackRock Global Equity Market Neutral Fund of BlackRock Funds、Emerging Markets Alpha Master Fund Ltd.、SAE Liquidity Fund LP、BlackRock Global Funds – China Fund、BLACKROCK STRATEGIC FUNDS – BlackRock Systematic Asia Pacific Equity Absolute Return Fund、Pan Asia Opportunities Master Fund Ltd.及若干单独管理账户；富达基金(香港)有限公司；泰康人寿保险有限责任公司；Springs Capital (Hong Kong) Limited；博时基金(国际)有限公司；易方达基金管理有限公司及易方达资产管理(香港)有限公司,8,1519888500.0,0.41400000000000003,6.0,2026-07-28,产业方；长线基金；主权/国资；上市公司关联,食品零售,港股IPO基石投资者.csv
1828.HK,1828.HK,富卫集团,"MC Management 10 RSC Ltd；T&D United Capital Co., Ltd.",2,1949996600.0,0.562,6.0,2026-01-07,长线基金；上市公司关联,人寿与健康保险,港股IPO基石投资者.csv
1879.HK,1879.HK,曦智科技-P,"Alibaba Investment Limited；GIC Private Limited；Taibai Investments Pte. Ltd.；Baillie Gifford Overseas Limited及Baillie Gifford & Co；BlackRock, Inc.；Schroder Investment Management (Singapore) Ltd、Schroder Investment Management (Hong Kong) Limited、Schroder Investment Management Limited；富达基金(香港)有限公司；上海中移数字转型产业私募基金合伙企业(有限合伙)；3W Fund Management Limited；UBS Asset Management (Singapore) Ltd.；HHLR Advisors, Ltd.；Aspex Master Fund；联想集团有限公司；未来资产证券(香港)有限公司；CPE Fir Investment Limited；景林资产管理香港有限公司；广发基金管理有限公司及广发国际资产管理有限公司；中兴通讯(香港)有限公司；中国平安资产管理(香港)有限公司；工银理财有限责任公司",20,1644142140.0,0.6506000000000001,6.0,2026-10-28,产业方；长线基金；主权/国资；上市公司关联,半导体产品,港股IPO基石投资者.csv
1989.HK,1989.HK,广合科技,"惠理集团有限公司；UBS Asset Management (Singapore) Ltd.；景林资产管理香港有限公司；CPE Greater China Enterprises Growth Fund及CPE Growth Fund #1；Eastspring Investments (Singapore) Limited；大湾区共同家园投资有限公司；源峰资产管理及国泰君安投资；大家人寿保险股份有限公司；霸菱资产管理(亚洲)有限公司；MY Asian Opportunities Master Fund, L.P；工银理财有限责任公司；上海景林及中信证券国际资本管理有限公司",12,1485999780.0,0.4497,6.0,2026-09-20,产业方；长线基金；上市公司关联,电子设备和仪器,港股IPO基石投资者.csv
2026.HK,2026.HK,小马智行-W,Ghisallo Fund Master Ltd；Athos Capital Limited；Eastspring Investments (Singapore) Limited；Hel Ved Master Fund；Ocean Arete Limited,5,932273000.0,0.1391,6.0,2026-05-06,长线基金；主权/国资；上市公司关联,应用软件,港股IPO基石投资者.csv
2050.HK,2050.HK,三花智控,"Schroders；新加坡政府投资公司；Verition Fund Management LLC；Green Better Limited；钟鼎资本八期投资有限公司；Mega Prime Development Limited；Jane Street Asia Trading Limited；3W Fund Management Limited；泰康人寿保险有限责任公司；景林资产管理香港有限公司；工银理财有限责任公司；中邮理财有限责任公司；上海景林资产管理有限公司及华泰资本投资有限公司；Wind Sabre Opportunities Fund SP；Morgan Stanley & Co. International plc；Mirae Asset Securities Co., Ltd；Martis Fund, L.P.",17,4408777600.0,0.47209999999999996,6.0,2025-12-23,产业方；长线基金；主权/国资；上市公司关联,家用电器,港股IPO基石投资者.csv
2097.HK,2097.HK,蜜雪集团,"M&G Investments；HSG Growth VI Holdco F, Ltd.；Persistence Growth Limited；HHLR Fund, L.P.；Long-Z Fund I, LP",5,1557780000.0,0.4509,6.0,2025-09-03,长线基金,多品类零售,港股IPO基石投资者.csv
2228.HK,2228.HK,晶泰控股,海棠壹号有限合伙基金；Ginkgo Capital Global Fund SPC-Ginkgo Capital Global Fund I SP；Mammoth Medical Solutions；Successful Lotus Limited；IntelliMed One Investment Limited；FaaS Capital Longevity Limited；百奥赛图(北京)医药科技股份有限公司；Bradley L. Pentelute,8,337513440.0,0.34120000000000006,6.0,2024-12-13,长线基金；上市公司关联,工业机械和用品及零部件,港股IPO基石投资者.csv
2259.HK,2259.HK,紫金黄金国际,"GIC Private Limited；HHLR Advisors, Ltd.；BlackRock, Inc.；Schroders；富达基金(香港)有限公司；Baillie Gifford Overseas Limited及Baillie Gifford & Co；中国太保投资者；泰康人寿保险有限责任公司；上海景林及中信证券国际资本管理有限公司；Perseverance Asset Management International (Singapore) Pte. Ltd；Dao Yi Capital Limited；New Golden Future Limited；汇添富投资者；UBS Asset Management (Singapore) Ltd；加皇环球资产管理(亚洲)有限公司；广发国际资产管理有限公司；上海高毅及中信证券国际资本管理有限公司；CPE River Investment Limited；景顺投资管理有限公司；Oaktree Capital Management, L.P.；Mega Prime Development Limited及Poly Platinum EnterprisesLimited；Millennium；高亚投资有限公司；未来资产金融集团；富国资产管理(香港)有限公司及富国基金管理有限公司；斯派柯；景林资产管理香港有限公司；IDG Breyer Capital Fund L.P；Arc Avenue Asset Management Pte. Ltd",29,12468214626.0,0.4994,6.0,2026-03-31,产业方；长线基金；主权/国资；上市公司关联,黄金,港股IPO基石投资者.csv
2408.HK,2408.HK,遇见小面,"Zeta Wisdom OFC；Hong Kong Shengying Investment Limited；HHLR Advisors, Ltd.；国泰君安证券投资(香港)有限公司；Dream’ee (Hong Kong) Open-ended Fund Company；Hai Di Lao Holdings Pte. Ltd.",6,171019200.0,0.2495,6.0,2026-06-05,产业方；长线基金,餐馆,港股IPO基石投资者.csv
2410.HK,2410.HK,同源康医药-B,长兴兴长产业投资合伙企业(有限合伙),1,205700000.0,0.35509999999999997,6.0,2025-02-20,产业方；长线基金；主权/国资,制药,港股IPO基石投资者.csv
2431.HK,2431.HK,佑驾创新,康成亨国际投资有限公司；Horizon Together Holding Ltd.,2,540236200.0,0.8109,6.0,2025-06-27,长线基金,汽车零件与设备,港股IPO基石投资者.csv
2438.HK,2438.HK,出门问问,中关村国际有限公司；南京经开聚智科创投资合伙企业(有限合伙),2,95000000.0,0.29469999999999996,6.0,2024-10-24,产业方；长线基金；主权/国资,应用软件,港股IPO基石投资者.csv
2460.HK,2460.HK,华润饮料,"UBS AM Singapore；香港中旅(集团)有限公司；中邮人寿保险股份有限公司；Wildlife Willow Limited；Oaktree Capital Management, L.P.；PT Indadi Juver；Athos Capital Limited；Ghisallo Master Fund LP；Pamalican Fund Ltd.",9,2406895600.0,0.4773,6.0,2025-04-23,产业方；长线基金；主权/国资；上市公司关联,软饮料与不含酒精饮料,港股IPO基石投资者.csv
2465.HK,2465.HK,龙蟠科技,Harvest International Premium Value,1,110000000.0,0.2,6.0,2025-04-30,长线基金,电子元件,港股IPO基石投资者.csv
2476.HK,2476.HK,胜宏科技,"CPE Rosewood Investment Limited；Janchor Partners Pan-Asian Master Fund；Deliante Holdings Co., Ltd.；香港麦逊电子有限公司；New Alternative Limited；Morgan Stanley & Co. International plc；HACF, L.P.；Foresight Global Superior Choice SPC — Global Superior Choice Fund 1 SP、Foresight Global Superior Choice SPC — Vision Fund 1 SP及Foresight Global Superior Choice SPC — Horizon Fund 1 SP；Tropical Terrain Limited；涌容(香港)资产管理有限公司；Tanwan Inc.；Pinpoint Asset Management Limited；阳光人寿保险股份有限公司；惠州市惠联投资合伙企业(有限合伙)；Greenwoods Asset Management Hong Kong Limited；MY Asian Opportunities Master Fund, L.P.；New Golden Future Limited；Ovata Capital Management Limited；叶国富；天弘基金管理有限公司；Ruihua (International) Investment Limited；SR Wealth Securities Limited；Metazone Link (HK) Limited；Infore Funds Series 1 Open-ended Fund Company – Infore Global Equity Fund；Golden K2 Falcon Open-ended Fund Company-Golden K2 Falcon 2 Investment Fund；信银(香港)投资有限公司；Cloudview Capital Limited；博时基金(国际)有限公司；鲁花道生(北京)企业管理发展有限公司；Jump Trading Pacific Pte. Ltd.；Mirae Asset Securities Co., Ltd.；Wind Sabre Fund SPC；光大理财有限责任公司；奇点资产管理有限公司；盘京港景投资基金；Mega Prime Development Limited；Black Dragon AP SPV1；HQ TELECOM SINGAPORE PTE. LTD.；Poly Platinum Enterprises Limited",39,7812267345.0,0.3881000000000001,6.0,2026-10-21,产业方；长线基金；主权/国资；上市公司关联,电子设备和仪器,港股IPO基石投资者.csv
2479.HK,2479.HK,天聚地合,The Reynold Lemkins Group (Asia) Limited；园丰国际有限公司；徐州经济技术开发区(香港)投资有限公司；Gold Wings Holdings Limited,4,319649713.5,0.7961999999999999,6.0,2024-12-28,产业方；长线基金；上市公司关联,信息科技咨询与其它服务,港股IPO基石投资者.csv
2493.HK,2493.HK,迈威生物-B,"香港君实有限公司；Sanjin International Co., Ltd.；国惠(香港)控股有限公司；昌荣国际有限公司；WuXi Biologics HealthCare Venture；锦绣中和(北京)资本管理有限公司",6,415178150.0,0.3187,6.0,2026-10-28,产业方；长线基金；主权/国资；上市公司关联,制药,港股IPO基石投资者.csv
2495.HK,2495.HK,声通科技,武汉光通共赢企业管理合伙企业(有限合伙)；江苏江控投资有限公司,2,276000000.0,0.40199999999999997,6.0,2025-01-10,产业方；长线基金,互联网服务和基础设施,港股IPO基石投资者.csv
2498.HK,2498.HK,速腾聚创,深圳市南山战略新兴产业投资有限公司,1,781140000.0,0.7929,6.0,2024-07-05,产业方；主权/国资,电子设备和仪器,港股IPO基石投资者.csv
2505.HK,2505.HK,EDA集团控股,中国太保投资管理(香港)有限公司；The Reynold Lemkins Group (Asia) Limited,2,50851000.0,0.22699999999999998,6.0,2024-11-28,产业方；长线基金,海港与服务,港股IPO基石投资者.csv
2506.HK,2506.HK,讯飞医疗科技,Costone China Growth Capital I L.P.；达安投资有限公司；横琴粤澳深度合作区产业投资基金(有限合伙)；讯医有限公司；星群有限公司,5,276748828.0,0.47489999999999993,6.0,2025-06-30,产业方；长线基金；主权/国资；上市公司关联,医疗保健技术,港股IPO基石投资者.csv
2507.HK,2507.HK,西锐,太仓高新科创发展有限公司；常熟东南产业投资有限公司；无锡建发新投空天投资合伙企业(有限合伙)；中国国有企业结构调整基金二期股份有限公司；无锡金投联盈产业投资合伙企业(有限合伙),5,851094750.0,0.5640000000000001,6.0,2025-01-12,产业方；长线基金；主权/国资；上市公司关联,航天航空与国防,港股IPO基石投资者.csv
2508.HK,2508.HK,圣贝拉集团,JKKB Limited；汪牵擎；GIMM Holding Limited；SS Morgan Capital Limited；敏睿商务咨询有限公司；华夏基金(香港)有限公司；吴启楠,7,324643434.0,0.44961000000000007,6.0,2025-12-26,产业方；长线基金；上市公司关联,保健护理机构,港股IPO基石投资者.csv
2509.HK,2509.HK,荃信生物-B,健鑫医药科技有限公司；蜂投资本有限公司；华东医药投资控股(香港)有限公司,3,195707500.0,0.8205,6.0,2024-09-20,产业方；上市公司关联,生物科技,港股IPO基石投资者.csv
2510.HK,2510.HK,德翔海运,Indigo Rainbow Limited；洪绮励；环世物流控股香港有限公司；Metro Shine Group Limited；王意分；Crane Movement Investment Limited,6,496346544.0,0.47309999999999997,6.0,2025-05-01,产业方；长线基金；上市公司关联,海上运输,港股IPO基石投资者.csv
2513.HK,2513.HK,智谱,JSC International Investment Fund SPC(为及代表Qizhi SP行事)；WT Asset Management Limited；广发基金管理有限公司及广发国际资产管理有限公司；泰康人寿保险有限责任公司；Perseverance Asset Management International (Singapore) Pte. Ltd.；3W Fund Management Limited；Optimas Capital Limited；雾淞资本有限公司；上海高毅及CICC Financial Trading Limited(就高毅场外掉期而言)；JinYi Capital Multi-Strategy Fund SPC Ltd.(为及代表Structured Credit SP Fund行事)；凌云光技术国际有限公司,11,2984201920.0,0.6861999999999999,6.0,2026-07-08,产业方；长线基金；主权/国资；上市公司关联,应用软件,港股IPO基石投资者.csv
2519.HK,2519.HK,傲基股份,香港华成云商科技有限公司；黄嘉慧；乐舱物流股份有限公司,3,109408900.0,0.2346,6.0,2025-05-08,上市公司关联,家庭装饰零售,港股IPO基石投资者.csv
2522.HK,2522.HK,一脉阳光,卓投企业管理(香港)有限公司；联影医疗科技香港有限公司；中国新锐医药控股有限公司,3,121000000.0,0.4497999999999999,6.0,2024-12-07,产业方；主权/国资；上市公司关联,医疗保健技术,港股IPO基石投资者.csv
2525.HK,2525.HK,禾赛-W,"HHLR Advisors, Ltd.；WT Asset Management；泰康人寿保险有限责任公司；宏达集团(香港)有限公司；Commando Global Fund；Grab Inc.",6,1153700001.0,0.2773,6.0,2026-03-16,产业方；长线基金；主权/国资；上市公司关联,电子设备和仪器,港股IPO基石投资者.csv
2529.HK,2529.HK,泓盈城市服务,利亚德(香港)有限公司；蓝思科技(香港)有限公司；三安国际控股有限公司；香港嘉港贸易有限公司；湘正投资有限公司,5,67000000.0,0.5234000000000001,6.0,2024-11-17,产业方；长线基金；上市公司关联,房地产经营公司,港股IPO基石投资者.csv
2531.HK,2531.HK,广联科技控股,惠州市国惠联股权投资基金合伙企业(有限合伙),1,87998100.0,0.2944,6.0,2025-01-15,产业方；长线基金；主权/国资,信息科技咨询与其它服务,港股IPO基石投资者.csv
2533.HK,2533.HK,黑芝麻智能,启城发展有限公司；Joyson Electronic USA LLC,2,77147100.0,0.0738,6.0,2025-02-08,产业方；上市公司关联,电子元件,港股IPO基石投资者.csv
2536.HK,2536.HK,百乐皇宫,向上国际科技股份有限公司,1,70000000.0,0.1885,6.0,2024-09-26,,赌场与赌博,港股IPO基石投资者.csv
2543.HK,2543.HK,大行科工,安联环球投资亚太有限公司；Harvest International Premium Value (Secondary Market) Fund SPC；维科(香港)有限公司；Mega Prime Development Limited,4,99692598.67,0.2542,6.0,2026-03-09,产业方；长线基金,休闲用品,港股IPO基石投资者.csv
2546.HK,2546.HK,智汇矿业,斯派柯国际有限公司；GIGA Industries Limited；Poly Platinum Enterprises Limited,3,224313870.0,0.40779999999999994,6.0,2026-06-19,长线基金；上市公司关联,多种金属与采矿,港股IPO基石投资者.csv
2549.HK,2549.HK,卡罗特,MPC VII Pte. Ltd；YSC Go (BVI) Limited,2,313180000.0,0.4172,6.0,2025-04-02,长线基金,家用电器,港股IPO基石投资者.csv
2556.HK,2556.HK,迈富时,刚信贸易有限公司；维港南昌东湖产业有限合伙基金,2,39422675.0,0.15189999999999998,6.0,2024-11-16,产业方；长线基金；主权/国资；上市公司关联,应用软件,港股IPO基石投资者.csv
2560.HK,2560.HK,海螺材料科技,安徽盛昌化工有限公司；深圳高灯计算机科技有限公司；芜湖阿泰克生物科技有限公司；国轩高科股份有限公司；SCGC资本控股有限公司；广东纵行科技有限公司,6,326718846.39,0.6992,6.0,2025-07-09,产业方；长线基金；主权/国资；上市公司关联,建筑材料,港股IPO基石投资者.csv
2561.HK,2561.HK,维昇药业-B,安科生物(香港)有限公司；园丰国际有限公司；WuXi Biologics HealthCare Venture；Vivo Capital；Reynold Lemkins Group (Asia) Limited,5,559951200.0,0.6501780000000001,6.0,2025-09-21,产业方；长线基金；主权/国资；上市公司关联,制药,港股IPO基石投资者.csv
2563.HK,2563.HK,华昊中天医药-B,富策控股有限公司；SilkyWater Absolute Return LPF；Novotech SG Holdings Pte. Ltd.；百洋健康产业国际商贸有限公司,4,177734400.0,0.7615,6.0,2025-04-30,产业方；长线基金,制药,港股IPO基石投资者.csv
2565.HK,2565.HK,派格生物医药-B,益泽康瑞医药(香港)有限公司,1,149518200.0,0.49700000000000005,6.0,2025-11-27,,制药,港股IPO基石投资者.csv
2566.HK,2566.HK,九源基因,和达金源(香港)有限公司；香港健友实业有限公司；复星实业(香港)有限公司；Jointown International Group Company Limited；Alibaba Health (Hong Kong) Technology Company Limited；吴启元；Delta Capital Hong Kong Limited,7,352390000.0,0.4966000000000001,6.0,2025-05-28,产业方；长线基金；上市公司关联,生命科学工具和服务,港股IPO基石投资者.csv
2567.HK,2567.HK,七牛智能,禾顺有限合伙,1,175725000.0,0.4,12.0,2025-10-16,产业方；主权/国资,应用软件,港股IPO基石投资者.csv
2570.HK,2570.HK,重塑能源,九江经开区鼎创股权投资中心(有限合伙),1,320648160.0,0.4518,6.0,2025-06-06,长线基金；主权/国资,电子元件,港股IPO基石投资者.csv
2571.HK,2571.HK,赛目科技,中国移动国际控股有限公司,1,148501680.0,0.34299999999999997,6.0,2025-07-15,产业方；上市公司关联,应用软件,港股IPO基石投资者.csv
2573.HK,2573.HK,新琪安,合赢香江控股有限公司；The Reynold Lemkins Group (Asia) Limited,2,60000000.0,0.2969,6.0,2025-12-10,产业方；主权/国资；上市公司关联,包装食品与肉类,港股IPO基石投资者.csv
2575.HK,2575.HK,轩竹生物-B,北京德诺瑞朗十五期股权投资基金中心(有限合伙),1,76600000.0,0.0981,6.0,2026-04-15,产业方；长线基金,制药,港股IPO基石投资者.csv
2577.HK,2577.HK,英诺赛科,STMicroelectronics Limited；江苏国有企业混合所有制改革基金(有限合伙)；HK InnoSC Limited；Inno CL. Limited,4,777190000.0,0.5538,6.0,2025-06-30,长线基金；主权/国资,半导体产品,港股IPO基石投资者.csv
2579.HK,2579.HK,中伟新材,贵州省新型工业化发展股权投资基金合伙企业(有限合伙)；宝达投资(香港)有限公司；中创新航科技集团股份有限公司；东圣先行科技及国泰君安证券投资(香港)有限公司；NR 1 SP；上海高毅及华泰资本投资有限公司；湖南兴湘新兴产业投资基金合伙企业(有限合伙)；蓝思国际(香港)有限公司；欣旺达财资(香港)有限公司,9,1658233150.0,0.46620000000000006,6.0,2026-05-17,产业方；长线基金；主权/国资；上市公司关联,商品化工,港股IPO基石投资者.csv
2580.HK,2580.HK,奥克斯电气,中邮人寿保险股份有限公司；华菱集团(香港)国际贸易有限公司；西藏源乐晟及CICC Financial Trading Limited；中邮理财有限责任公司；深圳永信及国泰君安证券投资(香港)有限公司,5,974150788.0,0.2347,6.0,2026-03-02,产业方；长线基金；主权/国资；上市公司关联,家用电器,港股IPO基石投资者.csv
2581.HK,2581.HK,明基医院,禾荣科技股份有限公司；合富(中国)医疗科技股份有限公司；苏州市战兴投产业基金合伙企业(有限合伙),3,310573680.0,0.49629999999999996,6.0,2026-06-22,产业方；长线基金；上市公司关联,保健护理服务,港股IPO基石投资者.csv
2582.HK,2582.HK,国富氢能,嘉兴智芯氢装股权投资合伙企业(有限合伙)；香港前沿碳中禾有限公司；悦创新能源香港有限公司,3,317966586.0,0.8072,6.0,2025-05-15,产业方,电气部件与设备,港股IPO基石投资者.csv
2585.HK,2585.HK,梦金园,天津海泰资本投资管理有限公司；Matrix Capital Limited；Bright Ambition International Limited；Solid Elegance International (Hong Kong) Limited；Swift Grace (Hong Kong) Limited,5,211878421.0,0.3977,6.0,2025-05-29,产业方；长线基金,其他专卖店,港股IPO基石投资者.csv
2586.HK,2586.HK,多点数智,DFI Development Holdings Limited,1,304063650.0,0.39049999999999996,6.0,2025-06-06,,互动媒体与服务,港股IPO基石投资者.csv
2587.HK,2587.HK,健康之路,横琴产业投资基金,1,99894600.0,0.5123,6.0,2025-06-30,产业方；长线基金,信息科技咨询与其它服务,港股IPO基石投资者.csv
2589.HK,2589.HK,沪上阿姨,盈峰控股(香港)有限公司；华置贸易有限公司,2,9215543.0,0.2597,6.0,2025-11-08,产业方,软饮料与不含酒精饮料,港股IPO基石投资者.csv
2590.HK,2590.HK,极智嘉-W,雄安智能机器人有限公司；Arc Avenue Asset Management Pte. Ltd.；Eastspring Investments (Singapore) Limited；香港亿格有限公司,4,716727640.0,0.2643,6.0,2026-01-09,长线基金,综合支持服务,港股IPO基石投资者.csv
2591.HK,2591.HK,银诺医药-B,骏升环球有限公司；Ginkgo Capital Global Fund SPC-XtalPi AI Fund SP；迈富时管理有限公司；邓海峰；黎慧凤,5,78300000.0,0.11499999999999999,9.0,2026-05-15,长线基金；上市公司关联,制药,港股IPO基石投资者.csv
2592.HK,2592.HK,拨康视云-B,富策控股有限公司；The Reynold Lemkins Group (Asia) Limited,2,178972000.0,0.2925,6.0,2026-01-03,产业方,生物科技,港股IPO基石投资者.csv
2593.HK,2593.HK,草姬集团,Water Live Wealth Limited；Vital Message Medical Health Care Centre Limited；袁子豪,3,27996000.0,0.224,6.0,2025-06-19,产业方,医疗保健用品,港股IPO基石投资者.csv
2595.HK,2595.HK,劲方医药-B,"TruMed Health Innovation Fund LP；中信证券国际资本管理有限公司；UBS Asset Management (Singapore) Ltd；Vivo Opportunity Fund Holdings, L.P.；汇添富资产管理(香港)有限公司；富国基金管理有限公司；RTW Master Fund, Ltd；RTW Innovation Master Fund, Ltd；OrbiMed Genesis Master Fund, L.P；OrbiMed Partners Master Fund Limited；LBC HK Opportunity Fund Limited；Lake Bleu Prime Healthcare Master Fund Limited；The Biotech Growth Trust PLC；Lake Bleu Innovation Healthcare Master Fund Limited；汇添富基金管理股份有限公司；富国资产管理(香港)有限公司；TruMed Healthcare Master Fund；Vivo Opportunity Cayman Fund, L.P；RTW Biotech Opportunities Ltd",19,779630000.0060002,0.42850000000000005,6.0,2026-03-19,产业方；长线基金；主权/国资；上市公司关联,制药,港股IPO基石投资者.csv
2597.HK,2597.HK,讯众通信,通州国际发展有限公司,1,129490575.0,0.3139,6.0,2026-01-09,产业方；主权/国资,互联网服务和基础设施,港股IPO基石投资者.csv
2598.HK,2598.HK,连连数字,杭州高新创业投资有限公司；杭州城投产业发展投资合伙企业(有限合伙),2,364782460.0,0.5552,6.0,2024-09-28,产业方；长线基金；主权/国资,交易与支付处理服务,港股IPO基石投资者.csv
2603.HK,2603.HK,吉宏股份,沈臻宇；昱龙国际资本有限公司；Timber Kangaroo Capital Limited,3,155443200.0,0.298,6.0,2025-11-27,长线基金；上市公司关联,经销商,港股IPO基石投资者.csv
2609.HK,2609.HK,佰泽医疗,Harvest Oriental SP,1,149041116.0,0.26530000000000004,6.0,2025-12-23,长线基金,保健护理机构,港股IPO基石投资者.csv
2610.HK,2610.HK,南山铝业国际,香港拓威贸易有限公司；Glencore International AG；瑞中国际工业设备(香港)有限公司；PT Indika Energy Tbk.,4,934630000.0,0.39830000000000004,6.0,2025-09-25,产业方；上市公司关联,铝,港股IPO基石投资者.csv
2613.HK,2613.HK,汇舸环保,Harvest International Premium Value (Secondary Market) Fund SPC,1,77688000.0,0.2443,6.0,2025-07-09,长线基金,海港与服务,港股IPO基石投资者.csv
2617.HK,2617.HK,药捷安康-B,江北医药科技(香港)有限公司；华盛敦行有限公司；药石地平线资本有限公司；科瓴安(香港)科技有限公司；康方生物科技(开曼)有限公司,5,128528100.0,0.6396999999999999,6.0,2025-12-23,产业方；长线基金；主权/国资；上市公司关联,制药,港股IPO基石投资者.csv
2619.HK,2619.HK,香江电器,湖北顺捷投资(香港)有限公司；香港兴黄控股有限公司；香港云星科技贸易管理有限公司,3,86715200.0,0.44,60.0,2030-06-25,产业方；主权/国资,家用电器,港股IPO基石投资者.csv
2621.HK,2621.HK,手回集团,海泰(香港)有限公司；韬越实业有限公司,2,49055296.0,0.2493,6.0,2025-11-30,产业方；长线基金；主权/国资；上市公司关联,保险经纪商,港股IPO基石投资者.csv
2625.HK,2625.HK,江苏宏信,Top Legend SPC,1,39000000.0,0.2883,6.0,2025-09-30,长线基金,日常消费品零售,港股IPO基石投资者.csv
2627.HK,2627.HK,中慧生物-B,嘉兴鑫扬及华泰资本投资,1,102034400.0,0.23420000000000002,6.0,2026-02-11,产业方；长线基金；上市公司关联,制药,港股IPO基石投资者.csv
2629.HK,2629.HK,MIRXES-B,北京浔瑞企业管理合伙企业(有限合伙)；Evergreen Gate Limited,2,449373120.0,0.4137,9.0,2026-02-23,产业方；长线基金；主权/国资；上市公司关联,生物科技,港股IPO基石投资者.csv
2631.HK,2631.HK,天岳先进,国能环保投资集团有限公司；未来资产证券(香港)有限公司；山金资产管理(香港)有限公司；和而泰智能控制国际有限公司；兰坤,5,740240200.0,0.3622000000000001,6.0,2026-02-20,产业方；长线基金；主权/国资,半导体产品,港股IPO基石投资者.csv
2632.HK,2632.HK,泽景股份,盈科壹号(香港)有限公司；香港高精尖产业(北京)发展投资有限公司,2,109947500.0,0.1533,6.0,2026-09-24,产业方；长线基金；主权/国资,电子设备和仪器,港股IPO基石投资者.csv
2637.HK,2637.HK,海西新药,Harvest Oriental SP,1,171221600.0,0.1723,6.0,2026-04-20,长线基金,制药,港股IPO基石投资者.csv
2643.HK,2643.HK,曹操出行,未来资产证券(香港)有限公司；无极资本管理有限公司；国轩高科(香港)有限公司；Mercedes-Benz Mobility Services GmbH；亿纬亚洲有限公司；RoboSense HongKong Limited,6,951620000.0,0.5125200000000001,6.0,2025-12-25,长线基金；上市公司关联,应用软件,港股IPO基石投资者.csv
2648.HK,2648.HK,安井食品,"景林资产管理香港有限公司；上海景林及华泰资本投资；HT Investment Limited；Qube Research & Technologies Hong Kong Limited及QRT HK的若干联属公司；NonaVerse (Hong Kong) Limited；FCP Domains Co., Ltd.",6,706428000.0,0.2943,6.0,2026-01-04,长线基金；上市公司关联,食品分销商,港股IPO基石投资者.csv
2655.HK,2655.HK,果下科技,惠开香港经济发展有限公司；雾淞资本有限公司；Dream’ee (Hong Kong) Open-ended Fund Company,3,74250000.0,0.09490000000000001,6.0,2026-06-16,长线基金；主权/国资,重型电气设备,港股IPO基石投资者.csv
2657.HK,2657.HK,林清轩,"Fidelity China Special Situations PLC、China Consumer、China Innovation及若干其他第三方基金；Mega Prime Development Limited；Duckling Fund, L.P.；正心谷资本；Syner Success Capital Ltd.；大家人寿保险股份有限公司；Yield Royal Investment Holding (Singapore) PTE. LTD.",7,482557780.0,0.4443,6.0,2026-06-30,产业方；长线基金,个人护理用品,港股IPO基石投资者.csv
2658.HK,2658.HK,天域半导体,广东原始森林私募证券投资管理有限公司及广发全球资本有限公司；Glory Ocean Innovation Limited,2,161521300.0,0.0926,6.0,2026-06-05,上市公司关联,半导体产品,港股IPO基石投资者.csv
2659.HK,2659.HK,宝济药业-B,安科生物(香港)有限公司；Derivatives China Alpha Fund SPC；国泰君安证券投资(香港)有限公司,3,200596158.0,0.20059999999999997,6.0,2026-06-10,产业方；长线基金；上市公司关联,制药,港股IPO基石投资者.csv
2661.HK,2661.HK,轻松健康,广东横琴粤澳深度合作区澳琴合鸣投资合伙企业(有限合伙),1,108904824.0,0.1809,6.0,2026-06-23,长线基金,保险经纪商,港股IPO基石投资者.csv
2671.HK,2671.HK,美联股份,"Logic Selective Value Investment Funds SPC；彩云控股有限公司；Tiny Jade Holdings (HK) Co., Limited；吴兴华",4,51500000.0,0.2949,6.0,2026-06-30,产业方；长线基金；主权/国资；上市公司关联,建筑与工程,港股IPO基石投资者.csv
2675.HK,2675.HK,精锋医疗-B,"Abu Dhabi Investment Authority；OrbiMed Genesis Master Fund, L.P.；UBS Asset Management (Singapore) Ltd.；Huang River Investment Limited；China Alpha Fund Management (HK) Limited；LYFE Capital Fund IV (Dragon), L.P.；华夏基金(香港)有限公司；盘京港景投资基金；Tekful Limited；Infini Global Master Fund；Poly Platinum Enterprises Limited；Integrated Core Strategies (Asia) Pte. Ltd.；Sage Partners Master Fund；Mega Prime Development Limited",14,583506504.0,0.4872000000000001,6.0,2026-07-08,产业方；长线基金；主权/国资；上市公司关联,医疗保健设备,港股IPO基石投资者.csv
2676.HK,2676.HK,纳芯微,元禾纳芯国际有限公司；Perseverance Asset Management International (Singapore) Pte. Ltd.；香港好易得国际有限公司；3W Fund Management Limited；Golden Link Worldwide Limited；Dream’ee (Hong Kong) Open-ended Fund Company；Green Better Limited,7,1089031200.0,0.4924,6.0,2026-06-08,产业方；长线基金；上市公司关联,半导体产品,港股IPO基石投资者.csv
2677.HK,2677.HK,卓正医疗,Health Vision Hong Kong Limited；金域检验(香港)有限公司；明略科技；Galaxy Dynasty Limited,4,90787400.0,0.3159,6.0,2026-08-06,产业方；上市公司关联,保健护理机构,港股IPO基石投资者.csv
2692.HK,2692.HK,兆威机电,"HHLR Advisors, Ltd.；Perseverance Asset Management International (Singapore) Pte. Ltd.；Mirae Asset Securities (HK) Limited；苏州太湖金谷建设发展有限公司；Oakwise Growth Fund SPC – Global Select Opportunities Fund SP；拓斯达环球集团有限公司；双城资本及建投(海外)投资有限公司；W Investment Company Limited；Da Cheng International Asset Management Company Limited；罗杰；JUMP TRADING PACIFIC PTE. LTD.；广发国际资产管理有限公司；BeingBoom Capital Limited；何茂灵；恒邦及中国银河国际投资有限公司；RIME Capital Limited；万源资本有限公司；CMBC INTERNATIONAL INVESTMENT (HK) LIMITED；联域集团有限公司；VVC Technology Fund Ltd.；Factorial Master Fund",21,651549096.0,0.34169999999999995,6.0,2026-09-09,产业方；长线基金；上市公司关联,汽车零件与设备,港股IPO基石投资者.csv
2693.HK,2693.HK,金岩高岭新材,平煤神马(香港)国际投资有限公司；香港创力赢泰投资有限公司；香港金源工贸有限公司；德高矿山科技有限公司,4,76219300.0,0.42969999999999997,6.0,2026-06-03,产业方；主权/国资,多种金属与采矿,港股IPO基石投资者.csv
2698.HK,2698.HK,乐舒适,"Arc Avenue Asset Management Pte. Ltd.；BA Sprout Limited；北京顺澳商务信息咨询合伙企业(有限合伙)；CDH Emerging Markets Fund II, L.P.；HCEP Management Limited；Arcane Nexus Limited；南方基金管理股份有限公司；易方达基金管理有限公司；富国基金管理有限公司；NEWTRAILS FOREST L.P.；Charisma Mega Limited；启汇润金(青岛)私募股权投资基金合伙企业(有限合伙)；Jane Street Asia Trading Limited；BA HM Limited；华夏基金(香港)有限公司；TruMed Health Innovation Fund LP；NewTrails Capital L.P；富国资产管理(香港)有限公司；易方达资产管理(香港)有限公司；TruMed Healthcare Master Fund",20,1079633880.0,0.4531,6.0,2026-05-10,产业方；长线基金；主权/国资；上市公司关联,居家用品,港股IPO基石投资者.csv
2701.HK,2701.HK,国民技术,国华人寿保险股份有限公司；Harvest Oriental II SP；戴婉琴；安江波；欣旺达财资(香港)有限公司,5,140000000.0,0.137,6.0,2026-09-23,产业方；长线基金；上市公司关联,电子元件,港股IPO基石投资者.csv
2706.HK,2706.HK,海致科技集团,JSC International Investment Fund SPC；JINGSHENG HENGXING TECHNOLOGY PTE. LTD.；Mega Prime Development Limited；Infini Global Master Fund,4,116959500.0,0.1536,11.0,2027-01-13,长线基金；主权/国资；上市公司关联,信息科技咨询与其它服务,港股IPO基石投资者.csv
2714.HK,2714.HK,牧原股份,Charoen Pokphand Foods Public Company Limited；富达基金(香港)有限公司；中化香港(集团)有限公司；香港豫农国际有限公司；Wii Pte. Ltd.；Perseverance Asset Management International (Singapore) Pte. Ltd.；大家人寿保险股份有限公司；中国平安人寿保险股份有限公司；加皇环球资产管理(亚洲)有限公司；美的发展控股(BVI)有限公司；上海高毅资产管理合伙企业(有限合伙)及华泰资本投资有限公司；HPRY Holdings Limited；UBS Asset Management (Singapore) Ltd.；Millennium Capital Management (Singapore) Pte. Ltd.；Jane Street Asia Trading Limited,15,5341959570.055999,0.4999999999999999,6.0,2026-08-06,产业方；长线基金；主权/国资；上市公司关联,包装食品与肉类,港股IPO基石投资者.csv
2715.HK,2715.HK,埃斯顿,Harvest Oriental SP；亨通光电国际有限公司；Dream’ee (Hong Kong) Open-ended Fund Company – Dream’ee JuneBeast Fund；至源控股有限公司；Haitian Huayuan (Singapore) Pte. Ltd.；裕祥控股集团有限公司；前海合众投资控股有限公司,7,522986496.0,0.3519,6.0,2026-09-09,产业方；长线基金；上市公司关联,工业机械和用品及零部件,港股IPO基石投资者.csv
2718.HK,2718.HK,明略科技-W,郭敏芳；Treasure-stone Investment Group Limited；包莉娜；Huang River Investment；GFH Financial Group B.S.C.；Hundreds Capital；QuantumPharm Limited,7,458909880.0,0.44899999999999995,9.0,2026-08-03,产业方；长线基金；上市公司关联,信息科技咨询与其它服务,港股IPO基石投资者.csv
2720.HK,2720.HK,乐欣户外,地平线创业投资管理有限公司；黄山德钧企业管理有限公司,2,130000000.0,0.3762,12.0,2027-02-10,产业方；长线基金；主权/国资,休闲用品,港股IPO基石投资者.csv
2726.HK,2726.HK,瀚天天成,厦门先进制造业股权投资基金合伙企业(有限合伙),1,774797022.3,0.46799999999999997,18.0,2027-09-30,产业方；长线基金；主权/国资,半导体产品,港股IPO基石投资者.csv
2768.HK,2768.HK,国恩科技,First Seafront Fund Series SPC；SLD International Enterprises Limited；Luminous Horizon Limited；利冠投资有限公司；丞安国际有限公司；新嘉财富证券有限公司；富国资产管理(香港)有限公司；申万宏源证券有限公司,8,319720000.0,0.2956,6.0,2026-08-04,产业方；长线基金；主权/国资；上市公司关联,商品化工,港股IPO基石投资者.csv
2788.HK,2788.HK,创新实业,"HHLR Advisors, Ltd.；中国宏桥集团有限公司；泰康人寿保险有限责任公司；Mercuria Holdings (Singapore) Pte. Ltd.；Glencore International AG；TURQUOISE HIME, L.P.；Investcorp Verdant Holdings Limited；Integrated Core Strategies (Asia) Pte. Ltd.；Jane Street Asia Trading Limited；Brilliant Partners Fund LP及China Core Fund；富国资产管理(香港)有限公司及富国基金管理有限公司；广发基金管理有限公司及广发国际资产管理有限公司；柏骏资本管理(香港)有限公司；中国太保投资管理(香港)有限公司；宝达投资(香港)有限公司；景林资产管理香港有限公司；上海景林资产管理有限公司及CICC Financial Trading Limited；Cephei Capital Management (Hong Kong) Limited",18,2728795020.0,0.496,6.0,2026-05-24,产业方；长线基金；主权/国资；上市公司关联,铝,港股IPO基石投资者.csv
2865.HK,2865.HK,钧达股份,现代直投新能源科技有限公司；珠海市高景新能源投资有限公司,2,493090000.0,0.3482,6.0,2025-11-08,产业方；长线基金；主权/国资,电子元件,港股IPO基石投资者.csv
2889.HK,2889.HK,博泰车联,Horizon Together Holding Ltd.；Huangshan SP；Smart Ventures Limited,3,464790739.6,0.4356,18.0,2027-03-31,长线基金；主权/国资；上市公司关联,信息科技咨询与其它服务,港股IPO基石投资者.csv
2898.HK,2898.HK,盛禾生物-B,南京经开未来科技产业投资合伙企业(有限合伙),1,42200000.0,0.0907,6.0,2024-11-24,产业方；长线基金,制药,港股IPO基石投资者.csv
3200.HK,3200.HK,大族数控,"GIC Private Limited；Schroder Investment Management(Singapore) Ltd及Schroder Investment Management (Hong Kong) Limited；宏兴国际科技有限公司；HHLR Advisors, Ltd.；Morgan Stanley &Co. International plc；西藏源乐晟资产管理有限公司及CICC Financial Trading Limited；工银理财有限责任公司；Wind Sabre Opportunities Fund SP；韦尔半导体香港有限公司；富国基金管理有限公司；富国资产管理(香港)有限公司",11,2415975300.0,0.4996,6.0,2026-08-06,产业方；长线基金；主权/国资；上市公司关联,电子元件,港股IPO基石投资者.csv
3268.HK,3268.HK,美格智能,宝月湖深产投共赢企业管理有限公司；周增昌；Harvest Oriental SP；名幸电子香港有限公司；锐明电子有限公司；开盘财富管理有限公司；中兴有限公司；Jinyi Capital Multi-Strategy Fund SPC Ltd.,8,458518700.0,0.39459999999999995,6.0,2026-09-10,长线基金,通信设备,港股IPO基石投资者.csv
3277.HK,3277.HK,长光辰芯,CPE Peepal Investment Limited；HHLR Advisors Ltd.；UBS Asset Management (Singapore) Ltd.；Perseverance Asset Management International (Singapore) Pte. Ltd.；未来资产证券(香港)有限公司；Arc Avenue Asset Management Pte. Ltd.；Boyu Capital Management (Singapore) Pte. Ltd.；Yield Royal nvestment Holding (Singapore) PTE. LTD.；富国基金管理有限公司；广发基金管理有限公司；华泰资本投资有限公司及上海景林资产管理有限公司；WT资产管理有限公司；3W Fund Management Limited；宁远资本有限公司；工银理财有限责任公司；钟鼎资本八期投资有限公司；景林资产管理香港有限公司；广发国际资产管理有限公司；Voyage42 Master Fund；富国资产管理(香港)有限公司；易方达资产管理(香港)有限公司；Cithara Global Multi-Strategy SPC — Disruptive Innovation Investment Fund SP；华夏基金管理有限公司；盘京港景投资基金；惠理基金管理香港有限公司；China Orient International Asset Management Limited — China Orient Multi- Strategy Master Fund；SCC Foresight Ventures Ltd.；招商证券投资管理(香港)有限公司；易方达基金管理有限公司；惠理基金管理公司,30,1301989000.24,0.49960000000000004,6.0,2026-10-17,产业方；长线基金；主权/国资；上市公司关联,电子元件,港股IPO基石投资者.csv
3288.HK,3288.HK,海天味业,"HHLR Advisors, Ltd.；GIC Private Limited；RBC China Equity Fund以及RBC Asia Pacific ex-Japan Equity Fund及RP - Fonds Institutionnel - Actions marchés émergents；源峰基金管理有限公司；UBS Asset Management (Singapore) Ltd.；Supercluster Universe Limited；HSG Growth VII Holdco, Ltd.；佛山发展有限公司",8,4664800000.0,0.4607,6.0,2025-12-19,产业方；长线基金；主权/国资,包装食品与肉类,港股IPO基石投资者.csv
3296.HK,3296.HK,华勤技术,"JPMorgan Asset Management (Asia Pacific) Limited；Aurora SF；建滔投资有限公司；泰康人寿保险有限责任公司；Cloud Map Holdings Limited；韦尔半导体香港有限公司；3W Global Fund及3W Rivus Fund；上海高毅及CICC Financial Trading Limited；艾唯技术有限公司；光大理财有限责任公司；北京君正集成电路(香港)集团有限公司；New China Asset Management (Hong Kong) Limited；宏兴国际科技有限公司；Ivyrock China Focus Master Fund、IvyRock China Equity Master Fund及ABS Direct Equity Fund LLC, Asia Series 6；UBS Asset Management (Singapore) Ltd.；Green Better Limited；Perseverance Asset Management International (Singapore) Pte. Ltd.；JinYi Capital Multi-Strategy Fund SPC Ltd.",18,2272732770.0,0.4993,6.0,2026-10-23,产业方；长线基金；主权/国资；上市公司关联,互联网服务和基础设施,港股IPO基石投资者.csv
3317.HK,3317.HK,迅策,中视金桥国际传媒控股有限公司；Alphahill基金；富策控股有限公司；Infini Global Master Fund；蔷薇控股(香港)有限公司；Cithara Global Multi-Strategy SPC — Bosideng Industry Investment Fund SP；New Golden Future Limited；Factorial Master Fund；Joy Mobile Network Pte. Ltd.,9,307819300.0,0.2849,6.0,2026-06-30,产业方；长线基金；上市公司关联,互联网服务和基础设施,港股IPO基石投资者.csv
3355.HK,3355.HK,飞速创新,Hao Great China Focus Fund；Great Holding Development Limited；WT Asset Management Limited；Caitong Funds SPC – Strategic Equity Fund III SP；聚鸣最终客户及CICC FT；前瞻资本稳健成长有限合伙基金；SCGC资本控股有限公司；Aether Wave Fund L.P.；广发国际资产管理有限公司；凯丰最终客户及CICC FT；Wider Huge Group Limited,11,704085902.0,0.42290000000000005,6.0,2026-09-23,产业方；长线基金；主权/国资,互联网服务和基础设施,港股IPO基石投资者.csv
3378.HK,3378.HK,翰思艾泰-B,富德资源投资控股集团有限公司；Sage Partners Master Fund；国泰君安证券投资(香港)有限公司及国泰海通证券股份有限公司；TFI Investment Fund SPC；Main Source Capital Limited；YStem Holding Limited；春雷资本有限公司,7,93369600.0,0.15940000000000001,6.0,2026-06-23,产业方；长线基金；上市公司关联,生物科技,港股IPO基石投资者.csv
3636.HK,3636.HK,金浔资源,Glencore International AG；Stoneylake Global Alpha Fund；NR 1 SP；新亚洲富怡资产管理有限公司；华夏基金管理(香港)有限公司；联域集团有限公司；Zhengxin Group Investment Limited；欣旺达财资(香港)有限公司,8,468816000.0,0.42500000000000004,36.0,2029-01-09,产业方；长线基金,铜,港股IPO基石投资者.csv
3677.HK,3677.HK,正力新能,常熟市东南投资控股有限公司；江苏苏州高端装备产业专项母基金(有限合伙)；江苏国有企业混合所有制改革基金(有限合伙),3,621006705.0,0.6179000000000001,6.0,2025-10-14,产业方；长线基金；主权/国资,电子元件,港股IPO基石投资者.csv
3696.HK,3696.HK,英矽智能,"Oaktree Capital Management, L.P.；Schroder Investment Management (Singapore) Ltd；瑞银资产管理(新加坡)有限公司；淡马锡控股(私人)有限公司；Infini Global Master Fund；泰康人寿保险有限责任公司；嘉实国际资产管理有限公司；华夏基金管理有限公司；中国太平洋保险(集团)股份有限公司；Eli Lilly and Company；腾讯控股有限公司；RTW基金；易方达基金管理有限公司；富国基金管理有限公司；富国资产管理(香港)有限公司；Exome Asset GP LLC",16,894838000.0,0.3933,6.0,2026-06-30,产业方；长线基金；主权/国资；上市公司关联,生物科技,港股IPO基石投资者.csv
3750.HK,3750.HK,宁德时代,"科威特投资局；中石化(香港)有限公司；HHLR CF. L.P.；上海高毅及CICC Financial Trading Limited；Zenith Hop International Limited；Pinpoint Asset Management Limited；Abstract Enigma Limited；UBS Asset Management (Singapore) Ltd.；WT Asset Management Limited；Perseverance Asset Management International (Singapore) Pte. Ltd.；CPE Redwood Investment Limited；Oaktree Capital Management, L.P.；MX Bright Charm (BVI) Limited；Mirae投资者；RBC Global Asset Management (Asia) Limited；中国太保投资者；中邮理财有限责任公司；景林资产管理香港有限公司；泰康人寿保险股份有限公司；洛阳科创集团有限公司；LMR Multi-Strategy Master Fund Limited；上海景林及CICC Financial Trading Limited；Lingotto Innovation Master Fund",23,20371099680.0,0.5713,6.0,2025-11-20,产业方；长线基金；主权/国资；上市公司关联,电子元件,港股IPO基石投资者.csv
3858.HK,3858.HK,佳鑫国际资源,中国信达(香港)资产管理有限公司；新加坡鲁银贸易有限公司；广发基金管理有限公司；广发国际资产管理有限公司；Zhengxin Group Investment Limited；富国基金管理有限公司；富国资产管理(香港)有限公司,7,599567000.0,0.5,6.0,2026-02-28,产业方；长线基金；主权/国资；上市公司关联,贵重金属与矿石,港股IPO基石投资者.csv
3880.HK,3880.HK,泰德医药,Welight Capital L.P.；佳曦控股有限公司,2,78495000.0,0.15259999999999999,6.0,2025-12-31,产业方；长线基金；上市公司关联,生物科技,港股IPO基石投资者.csv
3881.HK,3881.HK,希迪智驾,湖南湘江智骋产业投资基金合伙企业(有限合伙)；南宁智驾一号瑞粤股权投资合伙企业(有限合伙)；前海开源群巍QDII单一资产管理计划；工银瑞信资产管理(国际)有限公司；工银瑞信基金管理有限公司,5,546090570.0,0.38410000000000005,6.0,2026-06-19,产业方；长线基金；主权/国资；上市公司关联,应用软件,港股IPO基石投资者.csv
3887.HK,3887.HK,HASHKEY HLDGS,Cithara Global Multi-Strategy SPC — Bosideng Industry Investment Fund SP；UBS Asset Management (Singapore) Ltd.；至源控股有限公司；利通发展有限公司；Infini Global Master Fund；富达基金(香港)有限公司；CDH Global Frontier Ventures Limited；Shining Light Grace Limited；Space Z PTE. LTD.,9,583941552.0,0.3631,6.0,2026-06-17,产业方；长线基金；上市公司关联,交易与支付处理服务,港股IPO基石投资者.csv
3986.HK,3986.HK,兆易创新,华勤通讯香港有限公司；上海景林资产管理有限公司；New Golden Future Limited；Dymon Asia Multi-Strategy Investment Master Fund；New Alternative Limited；CPE Greater China Enterprises Growth Fund及CPE Growth Fund #1；Metazone Link (HK) Limited；奇点资产管理有限公司；华泰资本投资有限公司；Summit Ridge Capital SP；Green Better Limited；大湾区发展基金管理有限公司；天进贸易有限公司；工银理财有限责任公司；新华资产管理(香港)有限公司；泰康人寿保险有限责任公司；3W Fund Management Limited；Wind Sabre Fund SPC,18,2331876600.0,0.49749999999999994,6.0,2026-07-13,产业方；长线基金；上市公司关联,半导体产品,港股IPO基石投资者.csv
6031.HK,6031.HK,三一重工,"淡马锡控股；盈峰基金系列2开放式基金型公司；UBS AM Singapore；HHLR Advisors, Ltd.；LMR Multi-Strategy Master Fund Limited；BlackRock, Inc.；加拿大皇家银行资产管理部门加皇环球资产管理；WT资产管理有限公司；FengHe Asia Fund Ltd.；Jane Street Asia Trading Limited；Qube Master Fund Ltd；基金现由睿远基金(香港)有限公司；景林资产管理香港有限公司；Ghisallo Fund Master Ltd.；Oaktree Capital Management, L.P.；Pinpoint Asset Management Limited；上海高毅及中信证券国际资本管理有限公司；大家人寿保险股份有限公司；潍柴动力(香港)国际发展有限公司；陕西法士特汽车传动集团有限公司；惠理基金管理香港有限公司；Perseverance Asset Management；上海保银及CICC Financial Trading Limited",23,5907388860.0,0.4394,6.0,2026-04-28,产业方；长线基金；主权/国资；上市公司关联,建筑机械和重型运输设备,港股IPO基石投资者.csv
6082.HK,6082.HK,壁仞科技,"3W Fund Management Limited；WT Asset Management Limited；Aspex Master Fund；Hao Capital Management Limited；QM125 Limited；Lion Global Investors Limited；QM120 Limited；中国平安资产管理(香港)有限公司；CICC Financial Trading Limited；Huadeng Technology Peak Fortitude Ventures Ltd；MY Asian Opportunities Master Fund, L.P.；Eastspring Investments (Singapore) Limited；Aspirational China Growth GP Limited；神州数码(香港)有限公司；泰康人寿保险有限责任公司；UBS Asset Management (Singapore) Ltd.；Charoen Pokphand Robot Limited；国泰君安证券投资(香港)有限公司；南方基金管理股份有限公司；亿都开元有限公司；Enhanced Investment Products Limited；Tessy Holding Limited；New Opportunities SPC；富国基金管理有限公司；Fullgoal Asset Management (HK) Limited",25,2899391000.0,0.5191999999999999,6.0,2026-07-02,产业方；长线基金；主权/国资；上市公司关联,电脑硬件、储存设备及电脑周边,港股IPO基石投资者.csv
6090.HK,6090.HK,不同集团,Cithara Global Multi-Strategy SPC – Bosideng Industry Investment Fund SP；Great Praise Investment SPC–Selected AI Fund SP；上海通怡投资管理有限公司及华泰资本投资有限公司,3,116965500.0,0.1497,6.0,2026-03-23,长线基金；上市公司关联,休闲用品,港股IPO基石投资者.csv
6166.HK,6166.HK,剑桥科技,"奇点资产管理有限公司；Brookdale Funds；Cithara Global Multi-Strategy SPC — Bosideng Industry Investment Fund SP；霸菱资产管理(亚洲)有限公司；Aqua Ocean Limited；Schonfeld Global Master Fund L.P.及Schonfeld IR Master Fund Pte. Ltd.；HCEP Master Fund及HCEP Long Only Master Fund；Morgan Stanley & Co. International plc；Alpine Flagship Fund；3W Fund Management Limited；Arc Avenue Asset Management Pte. Ltd.；工银理财有限责任公司；Martis Fund, L.P.；Infini Global Master Fund；Dymon Asia Multi-Strategy Investment Master Fund；泰康人寿保险有限责任公司",16,2256698220.0,0.4891,6.0,2026-04-28,产业方；长线基金；主权/国资,综合电信业务,港股IPO基石投资者.csv
6168.HK,6168.HK,周六福,深圳市罗湖投资控股有限公司；永诚贰号香港有限公司；Jump Trading Pacific Pte. Ltd.；凯因家族办公室有限公司；Seraphim Advantage Inc.；君宜永信及CICC Financial Trading Limited；灵宝黄金国际有限公司；广发基金管理有限公司,8,576247327.3029,0.443842,6.0,2025-12-26,产业方；长线基金；主权/国资；上市公司关联,服装、服饰与奢侈品,港股IPO基石投资者.csv
6181.HK,6181.HK,老铺黄金,Huang River Investment Limited；CPE Greater China Enterprises Growth Fund；南方基金管理股份有限公司,3,437464800.0,0.48280000000000006,6.0,2024-12-28,产业方；长线基金；上市公司关联,其他专卖店,港股IPO基石投资者.csv
6600.HK,6600.HK,卧安机器人,"HACF, L.P.；Cithara Global Multi-Strategy SPC；Infini Global Master Fund；China Orient Enhanced Income Fund；Wind Sabre Opportunities Fund SP；Yield Royal Investment Holding (Singapore) PTE. LTD.；Sage Partners Master Fund；China Orient Multi-Strategy Master Fund；Sage Sunshine 1 Limited",9,699998510.2,0.4267,6.0,2026-06-30,长线基金,家用电器,港股IPO基石投资者.csv
6603.HK,6603.HK,IFBH,UBS Asset Management (Singapore) Ltd.；Enreal China Master Fund及Forreal China Value Fund；Black Dragon AP SPV1；HCEP Master Fund及HCEPLong Only Master Fund HSG；Jane Street Asia Trading Limited；Harvest Oriental SP；Jain Global Master Fund；工银理财有限责任公司；南方基金管理股份有限公司；Mega Prime Development Limited；广发国际资产管理有限公司,11,309970000.0,0.26739999999999997,6.0,2025-12-31,长线基金,软饮料与不含酒精饮料,港股IPO基石投资者.csv
6613.HK,6613.HK,蓝思科技,"UBS Asset Management (Singapore) Ltd.；LMR Multi-Strategy Master Fund Limited；Oaktree Capital Management,L.P.；QRT Master Fund SPC；Poly Platinum Enterprise Limited；Infini Global Master Fund；世运线路版有限公司；Green Better Limited；Verition Multi-Strategy Master Fund Ltd.；Redwood Elite Limited",10,1499337324.0,0.31459200000000004,6.0,2026-01-09,产业方；长线基金；主权/国资；上市公司关联,电子制造服务,港股IPO基石投资者.csv
6636.HK,6636.HK,极视角,政金(香港)国际有限公司；George Kent International Pte.Ltd.,2,47200000.0,0.09450000000000001,9.0,2026-12-30,,信息科技咨询与其它服务,港股IPO基石投资者.csv
6656.HK,6656.HK,思格新能,"Aranda Investments Pte. Ltd.；上海陆家嘴(集团)有限公司；高盛资产管理(香港)有限公司；UBS Asset Management (Singapore) Ltd.；CPE Energy Investment Limited；AXA Investment Managers UK Limited；Lazurite Hime L.P.；HHLR Advisors, Ltd.；工银理财有限责任公司；Tropical Terrain Limited；Scene Cloud Global Limited；Perseverance Asset Management International (Singapore) Pte. Ltd.；中国太保投资管理(香港)有限公司；Huadeng Technology Space Ventures Ltd；景林资产管理香港有限公司；正大机器人有限公司；3W Fund Management Limited；Baring Asset Management (Asia) Limited；Hillhouse Investment Management, Ltd.；富国基金管理有限公司；富国资产管理(香港)有限公司",21,2192126469.0,0.49820000000000003,6.0,2026-10-16,产业方；长线基金；主权/国资；上市公司关联,电气部件与设备,港股IPO基石投资者.csv
6657.HK,6657.HK,百望股份,江苏原力产业投资有限公司,1,260000000.0,0.7798,6.0,2025-01-09,产业方；长线基金；主权/国资,信息科技咨询与其它服务,港股IPO基石投资者.csv
6681.HK,6681.HK,脑动极光-B,苏州策源扶海企业管理合伙企业(有限合伙)；天士力(国际)医疗健康投资发展有限公司；天士力(香港)医药投资有限公司；黄光伟,4,377121450.0,0.6426999999999999,6.0,2025-07-08,产业方；长线基金；主权/国资；上市公司关联,保健护理服务,港股IPO基石投资者.csv
6687.HK,6687.HK,聚水潭,"Perseverance Asset Management International (Singapore) Pte. Ltd.；Blue Lake Capital Opportunity Fund I, L.P.；GRANITE ASIA VIII INVESTMENTS PTE. LTD.；Jain Global Master Fund Ltd；Dymon Asia Multi-Strategy Investment Master Fund；HSG Growth VI Holdco F, Ltd.；GTCS Holdings Limited；Fourier Capital Management Limited；WT资产管理有限公司；汇添富基金管理股份有限公司；Stoneylake Global Alpha Fund；景林资产管理香港有限公司；3W Global Fund",13,1011724740.0,0.4849,6.0,2026-04-21,长线基金,应用软件,港股IPO基石投资者.csv
6693.HK,6693.HK,赤峰黄金,斯派柯国际有限公司；金山(香港)国际矿业有限公司,2,744870000.0,0.264,6.0,2025-09-10,产业方；上市公司关联,多种金属与采矿,港股IPO基石投资者.csv
6809.HK,6809.HK,澜起科技,"UBS Asset Management (Singapore) Ltd.；J.P. Morgan Investment Management Inc.；Alisoft China Holding Limited；New Alternative Limited；Janchor Partners Pan-Asian Master Fund（；Aspex Master Fund；New Golden Future Limited；abrdn Asia Limited；Mirae Asset Securities Co., Ltd.；霸菱资产管理(亚洲)有限公司；华勤通讯香港有限公司；Hel Ved Master Fund；AGIC Partners Holding (Cayman) II Limited；Huadeng Summit Fortitude Ventures Ltd；中邮理财有限责任公司；泰康人寿保险有限责任公司；Qube Master Fund Ltd；MY Asian Opportunities Master Fund, L.P.",18,3509055000.0,0.49840000000000007,6.0,2026-08-09,产业方；长线基金；主权/国资；上市公司关联,半导体产品,港股IPO基石投资者.csv
6810.HK,6810.HK,商米科技-W,"XINWUTANG CO., LIMITED；China Orient Enhanced Income Fund",2,286407088.0,0.2703,6.0,2026-10-29,长线基金,电子设备和仪器,港股IPO基石投资者.csv
6831.HK,6831.HK,绿茶集团,无锡紫鲜食品有限公司；Action Chain International Limited；安吉两山乡村振兴股权投资合伙企业(有限合伙)；正大食品投资有限公司；华置贸易有限公司；无锡绿联食品有限公司；无锡合翔食品有限公司；无锡琴雨食品有限公司,8,605268580.0,0.5,6.0,2025-11-16,产业方；长线基金；主权/国资,餐馆,港股IPO基石投资者.csv
6936.HK,6936.HK,顺丰控股,"惠汉有限公司；WT Asset Management Limited；Oaktree Capital Management, L.P.；Infini Global Master Fund；中国太平洋保险(集团)股份有限公司；Wind Sabre Fund SPC；Green Better Limited；Morgan Stanley & Co. International plc；上海睿郡资产管理有限公司；Ghisallo Fund Master Ltd",10,1591600000.0,0.2731,6.0,2025-05-27,产业方；长线基金；上市公司关联,航空货运与物流,港股IPO基石投资者.csv
6938.HK,6938.HK,瑞博生物-B,华夏基金(香港)有限公司；大成国际资产管理有限公司；泰康人寿保险有限责任公司；Mingxin Growth Ventures LS2 Limited；Erik Selin Fastigheter Aktiebolag；Himension Fund；Springs Capital (Hong Kong) Limited；Arc Avenue Asset Management Pte. Ltd.；拾贝能信、自然拾贝及Huatai Capital Investment Limited；Bright Stone Holdings Limited；IvyRock Asset Management (HK) Limited；大成基金管理有限公司,12,777980588.0,0.4247,6.0,2026-07-09,产业方；长线基金；上市公司关联,制药,港股IPO基石投资者.csv
6960.HK,6960.HK,双登股份,三水创业投资有限公司,1,238740285.0,0.281,12.0,2026-08-26,主权/国资,电子元件,港股IPO基石投资者.csv
7618.HK,7618.HK,京东工业,"M&G Investments；CPE Elm Investment Limited；晨曦投资管理有限公司；常春藤资产管理(香港)有限公司；刚睿资本管理有限公司；Schonfeld Strategic Advisors (Hong Kong) Limited；Burkehill Global Management, LP",7,1323592380.0,0.4444,6.0,2026-06-11,长线基金；主权/国资,贸易公司与经销商,港股IPO基石投资者.csv
7630.HK,7630.HK,英派药业-B,First Quarter Moon OFC — Phecda Fund；黄河投资有限公司；南京生物医药谷建设发展有限公司及华泰资本投资有限公司；Worldwide Healthcare Partners LLC；Prosper High Holding Limited；LAV Star Opportunities；LAV Star Limited；Foresight Global Superior Choice SPC — Vision Fund 1 SP；Foresight Global Superior Choice SPC-Horizon Next SP；Foresight Global Superior Choice SPC-Horizon Fund 1 SP；Foresight Global Superior Choice SPC — Global Superior Choice Fund 1 SP,11,279972864.0,0.3214,6.0,2026-11-13,产业方；长线基金；上市公司关联,制药,港股IPO基石投资者.csv
7666.HK,7666.HK,剂泰科技-P,"BlackRock, Inc.；UBS Asset Management (Singapore) Ltd.；国风投创新投资基金股份有限公司；未来资产证券(香港)有限公司及Mirae Asset Securities Co., Ltd.；HHLR Advisors, Ltd.；工银瑞信基金管理有限公司及工银瑞信资产管理(国际)有限公司；Isometry Global Master Fund, L.P.；华夏基金(香港)有限公司；RTW Master Fund, Ltd.、RTW Innovation Master Fund, Ltd.及RTW Biotech Opportunities Ltd.；Huadeng Technology Piovt Ventures Ltd；富国基金管理有限公司；Deerfield Management Company, L.P.；Arc Avenue Asset Management Pte. Ltd.；广发基金管理有限公司及广发国际资产管理有限公司；LBC HK Opportunity Fund Limited、Lake Bleu Prime Healthcare Master Fund Limited及Lake Bleu Innovation Healthcare Master Fund Limited；Sage Partners Master Fund；Lazurite Hime L.P.；工银理财有限责任公司",18,1159432000.0,0.5483999999999999,6.0,2026-11-13,产业方；长线基金；主权/国资；上市公司关联,生物科技,港股IPO基石投资者.csv
8610.HK,8610.HK,BBSB INTL,Choy Joo Seong；Tan Nam Joo,2,14000000.0,0.1866,6.0,2026-07-13,产业方；上市公司关联,建筑与工程,港股IPO基石投资者.csv
9606.HK,9606.HK,映恩生物-B,"Tru Med Healthcare Master Fund、ABS Direct Equity Fund LLC Asia Series 11及
Tru Med Health Innovation Fund LP；易方达基金管理有限公司；汇添富基金管理股份有限公司；富国资产管理(香港)有限公司；盘京港景投资基金；BioNTech SE；MY Asian Opportunities Master Fund, L.P.；LAV Star Opportunities Limited；富国基金管理有限公司；Lake Bleu Prime Healthcare Master Fund Limited；Emerging Markets Healthcare Partners LLC；苏州苏创生物医药大健康创业投资基金合伙企业(有限合伙)；Lake Bleu Innovation Healthcare Master Fund Limited；Worldwide Healthcare Partners LLC；易方达资产管理香港有限公司",15,505334280.0,0.30820000000000003,6.0,2025-10-15,产业方；长线基金；主权/国资；上市公司关联,制药,港股IPO基石投资者.csv
9609.HK,9609.HK,海伟股份,汇兴丽海有限公司,1,216042120.0,0.4267,6.0,2026-05-28,产业方；长线基金,电子元件,港股IPO基石投资者.csv
9611.HK,9611.HK,龙旗科技,国控新智有限公司；韦尔半导体香港有限公司；香港裕同印刷有限公司；Qualcomm Ventures LLC；青岛观澜及国泰君安证券投资(香港)有限公司；Endless Growth NH Limited,6,440227900.0,0.27180000000000004,6.0,2026-07-22,产业方；长线基金；主权/国资；上市公司关联,电脑硬件、储存设备及电脑周边,港股IPO基石投资者.csv
9639.HK,9639.HK,荣利营造,三一香港集团有限公司；三锋控股管理有限公司；高升集团控股有限公司,3,35000000.0,0.19180000000000003,9.0,2025-07-09,产业方；上市公司关联,建筑与工程,港股IPO基石投资者.csv
9660.HK,9660.HK,地平线机器人-W,JSC International Investment Fund SPC；Baidu (Hong Kong) Limited；Alisoft China Holding Limited；PARTICIPATIONS 1,4,1706617962.0,0.3156,6.0,2025-04-24,产业方；长线基金；主权/国资；上市公司关联,汽车零件与设备,港股IPO基石投资者.csv
9678.HK,9678.HK,云知声,SensePower Management Limited；臻一资产管理有限公司；润建国际(香港)有限公司,3,95325677.0,0.2965,12.0,2026-06-30,产业方；长线基金；上市公司关联,信息科技咨询与其它服务,港股IPO基石投资者.csv
9680.HK,9680.HK,如祺出行,广州汽车工业集团有限公司；Voyager Group Inc.；WeRide Inc.；香港小马智行有限公司,4,809386000.0,0.7706999999999999,12.0,2025-07-10,产业方；长线基金；主权/国资,信息科技咨询与其它服务,港股IPO基石投资者.csv
9879.HK,9879.HK,米高集团,沈阳信昌粮食贸易有限公司；Harvest International Premium Value (Secondary Market) Fund SPC；Mega Dynamic Group Limited；新化科技有限公司,4,418500000.0,0.4558,12.0,2025-03-21,产业方；长线基金；上市公司关联,化肥与农用药剂,港股IPO基石投资者.csv
9881.HK,9881.HK,容大科技,Main Achieve Holdings Limited；林小坚；香港临泰微科技有限公司；中晟集团有限公司；曹柯；伍志发；李舒菡,7,80300000.0,0.4363,6.0,2025-12-10,产业方；长线基金,电脑硬件、储存设备及电脑周边,港股IPO基石投资者.csv
9887.HK,9887.HK,维立志博-B,"TruMed Health Innovation Fund LP；上海高毅及华泰资本投资有限公司；Huang River Investment Limited；OrbiMed Genesis Master Fund, L.P.；易方达基金管理有限公司；Loyal Valley Capital Advantage Fund III LP；Golden Valley Value Select Master Fund；Golden Valley Global Limited；Sage Partners Master Fund；The Biotech Growth Trust PLC；Foresight Global Superior Choice SPC－Vision Fund 1 SP；Perseverance Asset Management International (Singapore) Pte. Ltd.；Foresight Global Superior Choice SPC－Global Superior Choice Fund 1 SP；Splendid Biotech Fund L.P.；Hankang Biotech Fund III, L.P.；易方达资产管理(香港)有限公司；TruMed Healthcare Master Fund",17,541626300.0,0.4197,6.0,2026-01-25,产业方；长线基金；主权/国资；上市公司关联,生物科技,港股IPO基石投资者.csv
9903.HK,9903.HK,天数智芯,"衡信基金管理；Duckling Fund, L.P.；汇添富资产管理(香港)有限公司；Wind Sabre Fund SPC；XN Mountain International Limited；明山资本有限公司；Qin Wan Investment Limited；第四范式国际有限公司；UBS Asset Management (Singapore) Ltd.；Ocean Fine Industrial Limited；OCM Limited；China Orient Enhanced Income Fund；华夏基金(香港)有限公司；安擎国际有限公司；华胜天成科技(香港)有限公司；DeepRoot Alpha Ltd；China Orient Multi-Strategy Master Fund；中兴通讯(香港)有限公司；芯鑫控股有限公司",19,1581967380.0,0.4301000000000001,6.0,2026-07-08,产业方；长线基金；主权/国资；上市公司关联,半导体产品,港股IPO基石投资者.csv
9927.HK,9927.HK,赛力斯,"重庆产业投资母基金合伙企业(有限合伙)；林园基金及华泰资本投资(与华泰背对背总回报掉期及林园总回报掉期有关)；Sanhua (Hong Kong) Co Limited；Gold Wings Holdings Limited；BESS Broadway Limited；达安投资有限公司；广发基金管理有限公司；中升集团有限公司；Zhink International Pte. Ltd.；New China Asset Management (Hong Kong) Limited；Hichain Logistics (Hong Kong) Limited；施罗德；星宇车灯(香港)有限公司；Mirae Asset Securities Co., Ltd.；中邮理财有限责任公司；中国美东汽车控股有限公司；New Alternative Limited；Skyler International Co., Ltd；Ghisallo Fund Master Ltd.；Jain Global Master Fund Ltd；China Alpha Fund Management (HK) Limited；Jump Trading Pacific Pte. Ltd.；广发国际资产管理有限公司",23,6420974050.0,0.45230000000000015,6.0,2026-05-05,产业方；长线基金；主权/国资；上市公司关联,汽车制造商,港股IPO基石投资者.csv
9973.HK,9973.HK,奇瑞汽车,"JSC International Investment Fund SPC (代表ShanRui SP)；HHLR Advisors, Ltd.；上海景林资产管理有限公司及CICC Financial Trading Limited；黄山建投(香港)国际投资有限公司；晶汇瑞盈(香港)有限公司；Horizon Together Holding Ltd；大家人寿保险股份有限公司；Martis Fund, L.P.；国轩高科(香港)有限公司；星宇车灯(香港)有限公司；合肥建汇战新基石投资有限公司；中邮理财有限责任公司；景林资产管理香港有限公司",13,4572478875.0,0.4998,6.0,2026-03-25,产业方；长线基金；主权/国资；上市公司关联,汽车零件与设备,港股IPO基石投资者.csv
9980.HK,9980.HK,东鹏饮料,"Al-Rayyan Holding LLC；BlackRock基金；太白投资有限公司；UBS Asset Management (Singapore) Ltd.；Huang River Investment Limited；HSG Growth VII Holdco, Ltd.；Pacific Century Pines Investments 1 Limited；泰康人寿保险有限责任公司；Azure Skylines Limited；JPMorgan Asset Management (Asia Pacific) Limited；FMR参与基金；Velmar Company Limited；Amazing Mountain Limited；Great China Motivation Fund Phase II L.P.；保银资产管理有限公司；True Light Investments H Pte. Ltd.",16,4990140000.0,0.4923,6.0,2026-08-03,产业方；长线基金；主权/国资；上市公司关联,软饮料与不含酒精饮料,港股IPO基石投资者.csv
9981.HK,9981.HK,沃尔核材,"惠州市惠联投资合伙企业(有限合伙)；HHLR Advisors, Ltd.；上海景林资产管理有限公司及华泰资本投资有限公司；深圳市新世界投资(香港)有限公司；新宙邦(香港)有限公司；前海辰星投资；国惠(香港)控股有限公司；四川璞信产融投资有限责任公司及国泰君安证券投资(香港)有限公司；易亚投资管理有限公司；高时发展有限公司；SCV Alpha LP；江西铜业(北京)国际投资有限公司及国泰君安证券投资(香港)有限公司；Yield Royal Investment Holding (Singapore) PTE. LTD.；Jump Trading Pacific Pte. Ltd.；Factorial Master Fund；雾淞资本有限公司",16,970253002.0,0.34450000000000003,6.0,2026-08-13,产业方；长线基金；主权/国资；上市公司关联,电子设备和仪器,港股IPO基石投资者.csv
