stock_code,issuer_name,listing_date,prospectus_date,board,lifecycle_stage,decision_tier,pre_listing_score,model_recommendation,risk_tags
6871.HK,翼菲科技,2026-05-18,2026-05-08,主板,招股/待上市,C 等待触发,52.1,等待补充字段或价格触发；更适合二级深V/回踩确认后再行动。,孖展拥挤
7630.HK,英派药业-B,2026-05-13,2026-05-05,主板,招股/待上市,C 等待触发,61.0,等待补充字段或价格触发；更适合二级深V/回踩确认后再行动。,孖展拥挤；基石阵容较多
7666.HK,剂泰科技-P,2026-05-13,2026-05-05,主板,招股/待上市,B 重点观察,63.7,保持交易观察；关注定价、配发结果、暗盘与首日承接，不建议无条件追高。,孖展拥挤；基石阵容较多
1236.HK,乐动机器人,2026-05-11,2026-05-08,主板,已上市/半新股,A 高优先,75.0,一级重点研究；若估值与配售结构合理，可争取额度/锚定，并准备二级回踩买点。,公开超购极热；孖展拥挤；一手中签率低
1187.HK,可孚医疗,2026-05-06,2026-05-05,主板,已上市/半新股,C 等待触发,59.5,等待补充字段或价格触发；更适合二级深V/回踩确认后再行动。,一手中签率低；基石阵容较多
1609.HK,天星医疗,2026-05-05,2026-05-04,主板,已上市/半新股,A 高优先,77.7,一级重点研究；若估值与配售结构合理，可争取额度/锚定，并准备二级回踩买点。,公开超购极热；孖展拥挤；一手中签率低
6810.HK,商米科技-W,2026-04-29,2026-04-28,主板,已上市/半新股,A 高优先,76.2,一级重点研究；若估值与配售结构合理，可争取额度/锚定，并准备二级回踩买点。,公开超购极热；孖展拥挤；一手中签率低
2493.HK,迈威生物-B,2026-04-28,2026-04-27,主板,已上市/半新股,C 等待触发,58.0,等待补充字段或价格触发；更适合二级深V/回踩确认后再行动。,一手中签率低；基石阵容较多
1879.HK,曦智科技-P,2026-04-28,2026-04-27,主板,已上市/半新股,A 高优先,94.2,一级重点研究；若估值与配售结构合理，可争取额度/锚定，并准备二级回踩买点。,公开超购极热；孖展拥挤；基石阵容较多
3296.HK,华勤技术,2026-04-23,2026-04-22,主板,已上市/半新股,B 重点观察,67.7,保持交易观察；关注定价、配发结果、暗盘与首日承接，不建议无条件追高。,孖展拥挤；基石阵容较多
2476.HK,胜宏科技,2026-04-21,2026-04-22,主板,已上市/半新股,B 重点观察,66.6,保持交易观察；关注定价、配发结果、暗盘与首日承接，不建议无条件追高。,一手中签率低；基石阵容较多
3277.HK,长光辰芯,2026-04-17,2026-05-08,主板,已上市/半新股,A 高优先,80.1,一级重点研究；若估值与配售结构合理，可争取额度/锚定，并准备二级回踩买点。,公开超购极热；孖展拥挤；一手中签率低；基石阵容较多
0068.HK,群核科技,2026-04-17,2026-04-20,主板,已上市/半新股,A 高优先,82.0,一级重点研究；若估值与配售结构合理，可争取额度/锚定，并准备二级回踩买点。,公开超购极热；孖展拥挤；一手中签率低；基石阵容较多
6656.HK,思格新能,2026-04-16,2026-04-15,主板,已上市/半新股,A 高优先,82.9,一级重点研究；若估值与配售结构合理，可争取额度/锚定，并准备二级回踩买点。,公开超购极热；孖展拥挤；一手中签率低；基石阵容较多
0664.HK,铜师傅,2026-03-31,2026-04-30,主板,已上市/半新股,D 回避/仅跟踪,45.7,暂不主动参与；仅在明显低估或上市后资金重新进场时复盘。,一手中签率低
3625.HK,傅里叶,2026-03-31,2026-03-30,主板,已上市/半新股,B 重点观察,72.4,保持交易观察；关注定价、配发结果、暗盘与首日承接，不建议无条件追高。,公开超购极热；孖展拥挤；一手中签率低
1021.HK,华沿机器人,2026-03-30,2026-04-26,主板,已上市/半新股,A 高优先,85.1,一级重点研究；若估值与配售结构合理，可争取额度/锚定，并准备二级回踩买点。,公开超购极热；孖展拥挤；一手中签率低；基石阵容较多
2726.HK,瀚天天成,2026-03-30,2026-03-27,主板,已上市/半新股,D 回避/仅跟踪,49.5,暂不主动参与；仅在明显低估或上市后资金重新进场时复盘。,等待更多结构数据
2526.HK,德适-B,2026-03-30,2026-03-27,主板,已上市/半新股,B 重点观察,63.4,保持交易观察；关注定价、配发结果、暗盘与首日承接，不建议无条件追高。,公开超购极热；孖展拥挤；一手中签率低
6636.HK,极视角,2026-03-30,2026-03-27,主板,已上市/半新股,B 重点观察,74.9,保持交易观察；关注定价、配发结果、暗盘与首日承接，不建议无条件追高。,公开超购极热；孖展拥挤
2729.HK,凯乐士科技,2026-03-24,2026-04-20,主板,已上市/半新股,B 重点观察,72.6,保持交易观察；关注定价、配发结果、暗盘与首日承接，不建议无条件追高。,公开超购极热；孖展拥挤；一手中签率低
2632.HK,泽景股份,2026-03-24,2026-03-23,主板,已上市/半新股,D 回避/仅跟踪,49.7,暂不主动参与；仅在明显低估或上市后资金重新进场时复盘。,等待更多结构数据
3355.HK,飞速创新,2026-03-23,2026-04-17,主板,已上市/半新股,A 高优先,79.4,一级重点研究；若估值与配售结构合理，可争取额度/锚定，并准备二级回踩买点。,公开超购极热；孖展拥挤；一手中签率低；基石阵容较多
2701.HK,国民技术,2026-03-23,2026-03-20,主板,已上市/半新股,C 等待触发,53.4,等待补充字段或价格触发；更适合二级深V/回踩确认后再行动。,基石阵容较多
1989.HK,广合科技,2026-03-20,2026-03-19,主板,已上市/半新股,A 高优先,75.6,一级重点研究；若估值与配售结构合理，可争取额度/锚定，并准备二级回踩买点。,公开超购极热；孖展拥挤；一手中签率低；基石阵容较多
7489.HK,岚图汽车,2026-03-19,2026-02-12,主板,已上市/半新股,D 回避/仅跟踪,45.0,暂不主动参与；仅在明显低估或上市后资金重新进场时复盘。,等待更多结构数据
3268.HK,美格智能,2026-03-10,2026-03-09,主板,已上市/半新股,C 等待触发,53.9,等待补充字段或价格触发；更适合二级深V/回踩确认后再行动。,一手中签率低；基石阵容较多
2715.HK,埃斯顿,2026-03-09,2026-04-07,主板,已上市/半新股,C 等待触发,50.5,等待补充字段或价格触发；更适合二级深V/回踩确认后再行动。,一手中签率低；基石阵容较多
2692.HK,兆威机电,2026-03-09,2026-03-06,主板,已上市/半新股,A 高优先,78.6,一级重点研究；若估值与配售结构合理，可争取额度/锚定，并准备二级回踩买点。,公开超购极热；孖展拥挤；一手中签率低；基石阵容较多
2649.HK,优乐赛共享,2026-03-09,2026-03-06,主板,已上市/半新股,B 重点观察,72.5,保持交易观察；关注定价、配发结果、暗盘与首日承接，不建议无条件追高。,公开超购极热；孖展拥挤；一手中签率低
2706.HK,海致科技集团,2026-02-13,2026-02-12,主板,已上市/半新股,A 高优先,77.2,一级重点研究；若估值与配售结构合理，可争取额度/锚定，并准备二级回踩买点。,公开超购极热；孖展拥挤；一手中签率低
9981.HK,沃尔核材,2026-02-13,2026-02-12,主板,已上市/半新股,B 重点观察,62.6,保持交易观察；关注定价、配发结果、暗盘与首日承接，不建议无条件追高。,孖展拥挤；一手中签率低；基石阵容较多
0470.HK,先导智能,2026-02-11,2026-03-08,主板,已上市/半新股,C 等待触发,58.1,等待补充字段或价格触发；更适合二级深V/回踩确认后再行动。,基石阵容较多
0600.HK,爱芯元智,2026-02-10,2026-03-08,主板,已上市/半新股,C 等待触发,55.3,等待补充字段或价格触发；更适合二级深V/回踩确认后再行动。,基石阵容较多
2720.HK,乐欣户外,2026-02-10,2026-02-09,主板,已上市/半新股,B 重点观察,73.2,保持交易观察；关注定价、配发结果、暗盘与首日承接，不建议无条件追高。,公开超购极热；孖展拥挤；一手中签率低
6809.HK,澜起科技,2026-02-09,2026-02-10,主板,已上市/半新股,A 高优先,76.5,一级重点研究；若估值与配售结构合理，可争取额度/锚定，并准备二级回踩买点。,孖展拥挤；一手中签率低；基石阵容较多
2714.HK,牧原股份,2026-02-06,2026-03-05,主板,已上市/半新股,C 等待触发,58.1,等待补充字段或价格触发；更适合二级深V/回踩确认后再行动。,基石阵容较多
2677.HK,卓正医疗,2026-02-06,2026-03-05,主板,已上市/半新股,A 高优先,75.8,一级重点研究；若估值与配售结构合理，可争取额度/锚定，并准备二级回踩买点。,公开超购极热；孖展拥挤；一手中签率低
3200.HK,大族数控,2026-02-06,2026-03-05,主板,已上市/半新股,B 重点观察,70.5,保持交易观察；关注定价、配发结果、暗盘与首日承接，不建议无条件追高。,基石阵容较多
2768.HK,国恩科技,2026-02-04,2026-02-03,主板,已上市/半新股,A 高优先,81.6,一级重点研究；若估值与配售结构合理，可争取额度/锚定，并准备二级回踩买点。,公开超购极热；孖展拥挤；一手中签率低；基石阵容较多
9980.HK,东鹏饮料,2026-02-03,2026-03-01,主板,已上市/半新股,C 等待触发,61.6,等待补充字段或价格触发；更适合二级深V/回踩确认后再行动。,基石阵容较多
1768.HK,鸣鸣很忙,2026-01-28,2026-02-10,主板,已上市/半新股,A 高优先,93.2,一级重点研究；若估值与配售结构合理，可争取额度/锚定，并准备二级回踩买点。,公开超购极热；孖展拥挤；一手中签率低；基石阵容较多
9611.HK,龙旗科技,2026-01-22,2026-02-23,主板,已上市/半新股,B 重点观察,70.7,保持交易观察；关注定价、配发结果、暗盘与首日承接，不建议无条件追高。,公开超购极热；孖展拥挤；一手中签率低；基石阵容较多
3986.HK,兆易创新,2026-01-13,2026-02-08,主板,已上市/半新股,B 重点观察,68.0,保持交易观察；关注定价、配发结果、暗盘与首日承接，不建议无条件追高。,一手中签率低；基石阵容较多
1641.HK,红星冷链,2026-01-13,2026-01-12,主板,已上市/半新股,B 重点观察,72.1,保持交易观察；关注定价、配发结果、暗盘与首日承接，不建议无条件追高。,公开超购极热；孖展拥挤；一手中签率低
8610.HK,BBSB INTL,2026-01-13,2026-01-12,创业板,已上市/半新股,B 重点观察,71.9,保持交易观察；关注定价、配发结果、暗盘与首日承接，不建议无条件追高。,公开超购极热；孖展拥挤；一手中签率低
0501.HK,豪威集团,2026-01-12,2026-02-06,主板,已上市/半新股,C 等待触发,56.4,等待补充字段或价格触发；更适合二级深V/回踩确认后再行动。,基石阵容较多
3636.HK,金浔资源,2026-01-09,2026-02-05,主板,已上市/半新股,C 等待触发,58.9,等待补充字段或价格触发；更适合二级深V/回踩确认后再行动。,基石阵容较多
6938.HK,瑞博生物-B,2026-01-09,2026-02-05,主板,已上市/半新股,C 等待触发,60.2,等待补充字段或价格触发；更适合二级深V/回踩确认后再行动。,一手中签率低；基石阵容较多
0100.HK,MINIMAX-W,2026-01-09,2026-01-11,主板,已上市/半新股,A 高优先,90.0,一级重点研究；若估值与配售结构合理，可争取额度/锚定，并准备二级回踩买点。,公开超购极热；孖展拥挤；一手中签率低；基石阵容较多
2675.HK,精锋医疗-B,2026-01-08,2026-02-04,主板,已上市/半新股,A 高优先,78.9,一级重点研究；若估值与配售结构合理，可争取额度/锚定，并准备二级回踩买点。,公开超购极热；孖展拥挤；一手中签率低；基石阵容较多
2513.HK,智谱,2026-01-08,2026-02-04,主板,已上市/半新股,A 高优先,78.3,一级重点研究；若估值与配售结构合理，可争取额度/锚定，并准备二级回踩买点。,公开超购极热；孖展拥挤；一手中签率低；基石阵容较多
9903.HK,天数智芯,2026-01-08,2026-01-07,主板,已上市/半新股,C 等待触发,61.8,等待补充字段或价格触发；更适合二级深V/回踩确认后再行动。,基石阵容较多
6082.HK,壁仞科技,2026-01-02,2026-01-28,主板,已上市/半新股,A 高优先,90.1,一级重点研究；若估值与配售结构合理，可争取额度/锚定，并准备二级回踩买点。,公开超购极热；孖展拥挤；一手中签率低；基石阵容较多
3317.HK,迅策,2025-12-30,2026-01-23,主板,已上市/半新股,C 等待触发,53.4,等待补充字段或价格触发；更适合二级深V/回踩确认后再行动。,基石阵容较多
6600.HK,卧安机器人,2025-12-30,2026-01-22,主板,已上市/半新股,C 等待触发,57.7,等待补充字段或价格触发；更适合二级深V/回踩确认后再行动。,基石阵容较多
6651.HK,五一视界,2025-12-30,2026-01-22,主板,已上市/半新股,D 回避/仅跟踪,49.7,暂不主动参与；仅在明显低估或上市后资金重新进场时复盘。,等待更多结构数据
2657.HK,林清轩,2025-12-30,2026-01-22,主板,已上市/半新股,A 高优先,79.3,一级重点研究；若估值与配售结构合理，可争取额度/锚定，并准备二级回踩买点。,公开超购极热；孖展拥挤；一手中签率低；基石阵容较多
3696.HK,英矽智能,2025-12-30,2026-01-16,主板,已上市/半新股,A 高优先,88.2,一级重点研究；若估值与配售结构合理，可争取额度/锚定，并准备二级回踩买点。,公开超购极热；孖展拥挤；一手中签率低；基石阵容较多
2671.HK,美联股份,2025-12-30,2025-12-29,主板,已上市/半新股,C 等待触发,50.3,等待补充字段或价格触发；更适合二级深V/回踩确认后再行动。,一手中签率低
3378.HK,翰思艾泰-B,2025-12-23,2026-01-23,主板,已上市/半新股,A 高优先,78.2,一级重点研究；若估值与配售结构合理，可争取额度/锚定，并准备二级回踩买点。,公开超购极热；孖展拥挤；一手中签率低；基石阵容较多
2635.HK,诺比侃,2025-12-23,2026-01-19,主板,已上市/半新股,D 回避/仅跟踪,46.7,暂不主动参与；仅在明显低估或上市后资金重新进场时复盘。,一手中签率低
2661.HK,轻松健康,2025-12-23,2026-01-18,主板,已上市/半新股,B 重点观察,67.9,保持交易观察；关注定价、配发结果、暗盘与首日承接，不建议无条件追高。,公开超购极热；孖展拥挤
2396.HK,华芢生物-B,2025-12-22,2026-01-18,主板,已上市/半新股,C 等待触发,59.3,等待补充字段或价格触发；更适合二级深V/回踩确认后再行动。,孖展拥挤；一手中签率低
2691.HK,南华期货股份,2025-12-22,2026-01-16,主板,已上市/半新股,D 回避/仅跟踪,45.9,暂不主动参与；仅在明显低估或上市后资金重新进场时复盘。,等待更多结构数据
2581.HK,明基医院,2025-12-22,2025-12-19,主板,已上市/半新股,C 等待触发,50.9,等待补充字段或价格触发；更适合二级深V/回踩确认后再行动。,等待更多结构数据
2695.HK,印象大红袍,2025-12-22,2025-12-19,主板,已上市/半新股,B 重点观察,71.7,保持交易观察；关注定价、配发结果、暗盘与首日承接，不建议无条件追高。,公开超购极热；孖展拥挤；一手中签率低
3881.HK,希迪智驾,2025-12-19,2026-01-16,主板,已上市/半新股,C 等待触发,53.1,等待补充字段或价格触发；更适合二级深V/回踩确认后再行动。,基石阵容较多
2546.HK,智汇矿业,2025-12-19,2025-12-18,主板,已上市/半新股,B 重点观察,74.0,保持交易观察；关注定价、配发结果、暗盘与首日承接，不建议无条件追高。,公开超购极热；孖展拥挤；一手中签率低
3887.HK,HASHKEY HLDGS,2025-12-17,2026-01-12,主板,已上市/半新股,C 等待触发,60.4,等待补充字段或价格触发；更适合二级深V/回踩确认后再行动。,基石阵容较多
2655.HK,果下科技,2025-12-16,2026-01-09,主板,已上市/半新股,A 高优先,75.1,一级重点研究；若估值与配售结构合理，可争取额度/锚定，并准备二级回踩买点。,公开超购极热；孖展拥挤
7618.HK,京东工业,2025-12-11,2026-01-07,主板,已上市/半新股,C 等待触发,56.7,等待补充字段或价格触发；更适合二级深V/回踩确认后再行动。,基石阵容较多
2665.HK,图达通,2025-12-10,2025-12-09,主板,已上市/半新股,D 回避/仅跟踪,45.8,暂不主动参与；仅在明显低估或上市后资金重新进场时复盘。,等待更多结构数据
2659.HK,宝济药业-B,2025-12-10,2025-12-09,主板,已上市/半新股,A 高优先,76.3,一级重点研究；若估值与配售结构合理，可争取额度/锚定，并准备二级回踩买点。,公开超购极热；孖展拥挤
2676.HK,纳芯微,2025-12-08,2026-01-02,主板,已上市/半新股,D 回避/仅跟踪,49.9,暂不主动参与；仅在明显低估或上市后资金重新进场时复盘。,一手中签率低；基石阵容较多
2687.HK,卓越睿新,2025-12-08,2025-12-05,主板,已上市/半新股,B 重点观察,71.6,保持交易观察；关注定价、配发结果、暗盘与首日承接，不建议无条件追高。,公开超购极热；孖展拥挤；一手中签率低
2408.HK,遇见小面,2025-12-05,2026-01-01,主板,已上市/半新股,C 等待触发,57.1,等待补充字段或价格触发；更适合二级深V/回踩确认后再行动。,一手中签率低；基石阵容较多
2658.HK,天域半导体,2025-12-05,2026-01-01,主板,已上市/半新股,D 回避/仅跟踪,47.6,暂不主动参与；仅在明显低估或上市后资金重新进场时复盘。,等待更多结构数据
2693.HK,金岩高岭新材,2025-12-03,2025-12-28,主板,已上市/半新股,B 重点观察,74.1,保持交易观察；关注定价、配发结果、暗盘与首日承接，不建议无条件追高。,公开超购极热；孖展拥挤；一手中签率低
2539.HK,乐摩科技,2025-12-03,2025-12-02,主板,已上市/半新股,B 重点观察,73.3,保持交易观察；关注定价、配发结果、暗盘与首日承接，不建议无条件追高。,公开超购极热；孖展拥挤；一手中签率低
9609.HK,海伟股份,2025-11-28,2025-12-28,主板,已上市/半新股,B 重点观察,73.7,保持交易观察；关注定价、配发结果、暗盘与首日承接，不建议无条件追高。,公开超购极热；孖展拥挤；一手中签率低
2685.HK,量化派,2025-11-27,2025-12-24,主板,已上市/半新股,A 高优先,76.1,一级重点研究；若估值与配售结构合理，可争取额度/锚定，并准备二级回踩买点。,公开超购极热；孖展拥挤；一手中签率低
2788.HK,创新实业,2025-11-24,2025-12-19,主板,已上市/半新股,B 重点观察,69.7,保持交易观察；关注定价、配发结果、暗盘与首日承接，不建议无条件追高。,基石阵容较多
2579.HK,中伟新材,2025-11-17,2025-12-12,主板,已上市/半新股,C 等待触发,54.8,等待补充字段或价格触发；更适合二级深V/回踩确认后再行动。,基石阵容较多
2698.HK,乐舒适,2025-11-10,2025-12-05,主板,已上市/半新股,A 高优先,89.1,一级重点研究；若估值与配售结构合理，可争取额度/锚定，并准备二级回踩买点。,公开超购极热；孖展拥挤；一手中签率低；基石阵容较多
0699.HK,均胜电子,2025-11-06,2025-12-04,主板,已上市/半新股,C 等待触发,58.1,等待补充字段或价格触发；更适合二级深V/回踩确认后再行动。,基石阵容较多
0800.HK,文远知行-W,2025-11-06,2025-12-03,主板,已上市/半新股,D 回避/仅跟踪,49.1,暂不主动参与；仅在明显低估或上市后资金重新进场时复盘。,等待更多结构数据
2630.HK,旺山旺水-B,2025-11-06,2025-12-03,主板,已上市/半新股,A 高优先,77.8,一级重点研究；若估值与配售结构合理，可争取额度/锚定，并准备二级回踩买点。,公开超购极热；孖展拥挤；一手中签率低
2026.HK,小马智行-W,2025-11-06,2025-12-03,主板,已上市/半新股,C 等待触发,52.4,等待补充字段或价格触发；更适合二级深V/回踩确认后再行动。,基石阵容较多
9927.HK,赛力斯,2025-11-05,2025-11-30,主板,已上市/半新股,C 等待触发,58.1,等待补充字段或价格触发；更适合二级深V/回踩确认后再行动。,基石阵容较多
2718.HK,明略科技-W,2025-11-03,2025-11-27,主板,已上市/半新股,A 高优先,81.3,一级重点研究；若估值与配售结构合理，可争取额度/锚定，并准备二级回踩买点。,公开超购极热；孖展拥挤；一手中签率低；基石阵容较多
6031.HK,三一重工,2025-10-28,2025-11-23,主板,已上市/半新股,B 重点观察,64.7,保持交易观察；关注定价、配发结果、暗盘与首日承接，不建议无条件追高。,基石阵容较多
6166.HK,剑桥科技,2025-10-28,2025-11-10,主板,已上市/半新股,B 重点观察,62.5,保持交易观察；关注定价、配发结果、暗盘与首日承接，不建议无条件追高。,一手中签率低；基石阵容较多
6980.HK,八马茶业,2025-10-28,2025-10-27,主板,已上市/半新股,A 高优先,76.4,一级重点研究；若估值与配售结构合理，可争取额度/锚定，并准备二级回踩买点。,公开超购极热；孖展拥挤；一手中签率低
1384.HK,滴普科技,2025-10-28,2025-10-27,主板,已上市/半新股,A 高优先,77.1,一级重点研究；若估值与配售结构合理，可争取额度/锚定，并准备二级回踩买点。,公开超购极热；孖展拥挤；一手中签率低
0638.HK,广和通,2025-10-22,2025-11-16,主板,已上市/半新股,B 重点观察,63.4,保持交易观察；关注定价、配发结果、暗盘与首日承接，不建议无条件追高。,一手中签率低；基石阵容较多
6687.HK,聚水潭,2025-10-21,2025-11-16,主板,已上市/半新股,A 高优先,86.4,一级重点研究；若估值与配售结构合理，可争取额度/锚定，并准备二级回踩买点。,公开超购极热；孖展拥挤；一手中签率低；基石阵容较多
2637.HK,海西新药,2025-10-20,2025-10-17,主板,已上市/半新股,B 重点观察,73.8,保持交易观察；关注定价、配发结果、暗盘与首日承接，不建议无条件追高。,公开超购极热；孖展拥挤；一手中签率低
2670.HK,云迹,2025-10-16,2025-11-12,主板,已上市/半新股,A 高优先,78.2,一级重点研究；若估值与配售结构合理，可争取额度/锚定，并准备二级回踩买点。,公开超购极热；孖展拥挤；一手中签率低
2575.HK,轩竹生物-B,2025-10-15,2025-10-14,主板,已上市/半新股,A 高优先,76.3,一级重点研究；若估值与配售结构合理，可争取额度/锚定，并准备二级回踩买点。,公开超购极热；孖展拥挤；一手中签率低
2650.HK,挚达科技,2025-10-10,2025-11-05,主板,已上市/半新股,B 重点观察,71.0,保持交易观察；关注定价、配发结果、暗盘与首日承接，不建议无条件追高。,公开超购极热；孖展拥挤；一手中签率低
8549.HK,金叶国际集团,2025-10-10,2025-10-09,创业板,已上市/半新股,B 重点观察,70.6,保持交易观察；关注定价、配发结果、暗盘与首日承接，不建议无条件追高。,公开超购极热；孖展拥挤；一手中签率低
2652.HK,长风药业,2025-10-08,2025-10-06,主板,已上市/半新股,A 高优先,75.7,一级重点研究；若估值与配售结构合理，可争取额度/锚定，并准备二级回踩买点。,公开超购极热；孖展拥挤；一手中签率低
2259.HK,紫金黄金国际,2025-09-30,2026-04-08,主板,已上市/半新股,B 重点观察,70.2,保持交易观察；关注定价、配发结果、暗盘与首日承接，不建议无条件追高。,基石阵容较多
2889.HK,博泰车联,2025-09-30,2025-10-31,主板,已上市/半新股,C 等待触发,55.4,等待补充字段或价格触发；更适合二级深V/回踩确认后再行动。,一手中签率低
2583.HK,西普尼,2025-09-30,2025-09-29,主板,已上市/半新股,B 重点观察,72.2,保持交易观察；关注定价、配发结果、暗盘与首日承接，不建议无条件追高。,公开超购极热；孖展拥挤；一手中签率低
9973.HK,奇瑞汽车,2025-09-25,2025-10-22,主板,已上市/半新股,C 等待触发,60.4,等待补充字段或价格触发；更适合二级深V/回踩确认后再行动。,一手中签率低；基石阵容较多
6090.HK,不同集团,2025-09-23,2025-09-22,主板,已上市/半新股,A 高优先,75.7,一级重点研究；若估值与配售结构合理，可争取额度/锚定，并准备二级回踩买点。,公开超购极热；孖展拥挤；一手中签率低
2595.HK,劲方医药-B,2025-09-19,2025-10-16,主板,已上市/半新股,A 高优先,91.2,一级重点研究；若估值与配售结构合理，可争取额度/锚定，并准备二级回踩买点。,公开超购极热；孖展拥挤；一手中签率低；基石阵容较多
2656.HK,健康160,2025-09-17,2025-09-16,主板,已上市/半新股,C 等待触发,57.2,等待补充字段或价格触发；更适合二级深V/回踩确认后再行动。,孖展拥挤
2525.HK,禾赛-W,2025-09-16,2025-09-16,主板,已上市/半新股,C 等待触发,60.2,等待补充字段或价格触发；更适合二级深V/回踩确认后再行动。,基石阵容较多
2543.HK,大行科工,2025-09-09,2025-10-05,主板,已上市/半新股,A 高优先,82.5,一级重点研究；若估值与配售结构合理，可争取额度/锚定，并准备二级回踩买点。,公开超购极热；孖展拥挤；一手中签率低
2580.HK,奥克斯电气,2025-09-02,2025-09-28,主板,已上市/半新股,B 重点观察,63.0,保持交易观察；关注定价、配发结果、暗盘与首日承接，不建议无条件追高。,孖展拥挤；基石阵容较多
3858.HK,佳鑫国际资源,2025-08-28,2025-08-28,主板,已上市/半新股,A 高优先,87.0,一级重点研究；若估值与配售结构合理，可争取额度/锚定，并准备二级回踩买点。,公开超购极热；孖展拥挤；一手中签率低；基石阵容较多
6960.HK,双登股份,2025-08-26,2025-09-21,主板,已上市/半新股,A 高优先,78.8,一级重点研究；若估值与配售结构合理，可争取额度/锚定，并准备二级回踩买点。,公开超购极热；孖展拥挤；一手中签率低
2631.HK,天岳先进,2025-08-20,2025-09-14,主板,已上市/半新股,A 高优先,81.2,一级重点研究；若估值与配售结构合理，可争取额度/锚定，并准备二级回踩买点。,公开超购极热；孖展拥挤；基石阵容较多
2591.HK,银诺医药-B,2025-08-15,2025-08-14,主板,已上市/半新股,A 高优先,78.9,一级重点研究；若估值与配售结构合理，可争取额度/锚定，并准备二级回踩买点。,公开超购极热；孖展拥挤；一手中签率低；基石阵容较多
2627.HK,中慧生物-B,2025-08-11,2025-08-08,主板,已上市/半新股,B 重点观察,71.3,保持交易观察；关注定价、配发结果、暗盘与首日承接，不建议无条件追高。,公开超购极热；孖展拥挤；一手中签率低
6887.HK,东阳光药,2025-08-07,2025-08-06,主板,已上市/半新股,D 回避/仅跟踪,45.0,暂不主动参与；仅在明显低估或上市后资金重新进场时复盘。,等待更多结构数据
9887.HK,维立志博-B,2025-07-25,2025-08-07,主板,已上市/半新股,A 高优先,89.7,一级重点研究；若估值与配售结构合理，可争取额度/锚定，并准备二级回踩买点。,公开超购极热；孖展拥挤；一手中签率低；基石阵容较多
2590.HK,极智嘉-W,2025-07-09,2025-08-04,主板,已上市/半新股,C 等待触发,60.1,等待补充字段或价格触发；更适合二级深V/回踩确认后再行动。,一手中签率低
2597.HK,讯众通信,2025-07-09,2025-08-04,主板,已上市/半新股,D 回避/仅跟踪,46.4,暂不主动参与；仅在明显低估或上市后资金重新进场时复盘。,等待更多结构数据
2651.HK,大众口腔,2025-07-09,2025-08-04,主板,已上市/半新股,D 回避/仅跟踪,46.0,暂不主动参与；仅在明显低估或上市后资金重新进场时复盘。,等待更多结构数据
6613.HK,蓝思科技,2025-07-09,2025-08-03,主板,已上市/半新股,B 重点观察,67.5,保持交易观察；关注定价、配发结果、暗盘与首日承接，不建议无条件追高。,基石阵容较多
1304.HK,FORTIOR,2025-07-09,2025-07-24,主板,已上市/半新股,C 等待触发,59.6,等待补充字段或价格触发；更适合二级深V/回踩确认后再行动。,基石阵容较多
1828.HK,富卫集团,2025-07-07,2025-08-01,主板,已上市/半新股,D 回避/仅跟踪,48.0,暂不主动参与；仅在明显低估或上市后资金重新进场时复盘。,等待更多结构数据
2648.HK,安井食品,2025-07-04,2025-07-30,主板,已上市/半新股,C 等待触发,52.7,等待补充字段或价格触发；更适合二级深V/回踩确认后再行动。,基石阵容较多
2592.HK,拨康视云-B,2025-07-03,2025-07-02,主板,已上市/半新股,D 回避/仅跟踪,46.1,暂不主动参与；仅在明显低估或上市后资金重新进场时复盘。,一手中签率低
9678.HK,云知声,2025-06-30,2025-07-25,主板,已上市/半新股,D 回避/仅跟踪,48.5,暂不主动参与；仅在明显低估或上市后资金重新进场时复盘。,等待更多结构数据
6603.HK,IFBH,2025-06-30,2025-07-25,主板,已上市/半新股,A 高优先,88.0,一级重点研究；若估值与配售结构合理，可争取额度/锚定，并准备二级回踩买点。,公开超购极热；孖展拥挤；基石阵容较多
3880.HK,泰德医药,2025-06-30,2025-06-27,主板,已上市/半新股,C 等待触发,53.4,等待补充字段或价格触发；更适合二级深V/回踩确认后再行动。,等待更多结构数据
6168.HK,周六福,2025-06-26,2025-07-23,主板,已上市/半新股,B 重点观察,69.8,保持交易观察；关注定价、配发结果、暗盘与首日承接，不建议无条件追高。,孖展拥挤；一手中签率低；基石阵容较多
2508.HK,圣贝拉集团,2025-06-26,2025-07-23,主板,已上市/半新股,C 等待触发,59.2,等待补充字段或价格触发；更适合二级深V/回踩确认后再行动。,一手中签率低；基石阵容较多
6883.HK,颖通控股,2025-06-26,2025-07-23,主板,已上市/半新股,D 回避/仅跟踪,45.9,暂不主动参与；仅在明显低估或上市后资金重新进场时复盘。,等待更多结构数据
2643.HK,曹操出行,2025-06-25,2025-07-21,主板,已上市/半新股,C 等待触发,51.8,等待补充字段或价格触发；更适合二级深V/回踩确认后再行动。,基石阵容较多
2619.HK,香江电器,2025-06-25,2025-06-24,主板,已上市/半新股,B 重点观察,63.1,保持交易观察；关注定价、配发结果、暗盘与首日承接，不建议无条件追高。,孖展拥挤
2050.HK,三花智控,2025-06-23,2025-07-18,主板,已上市/半新股,A 高优先,77.4,一级重点研究；若估值与配售结构合理，可争取额度/锚定，并准备二级回踩买点。,孖展拥挤；基石阵容较多
2609.HK,佰泽医疗,2025-06-23,2025-06-20,主板,已上市/半新股,D 回避/仅跟踪,46.9,暂不主动参与；仅在明显低估或上市后资金重新进场时复盘。,等待更多结构数据
2617.HK,药捷安康-B,2025-06-23,2025-06-20,主板,已上市/半新股,B 重点观察,74.3,保持交易观察；关注定价、配发结果、暗盘与首日承接，不建议无条件追高。,公开超购极热；孖展拥挤；一手中签率低；基石阵容较多
3288.HK,海天味业,2025-06-19,2025-07-17,主板,已上市/半新股,A 高优先,78.8,一级重点研究；若估值与配售结构合理，可争取额度/锚定，并准备二级回踩买点。,孖展拥挤；一手中签率低；基石阵容较多
9881.HK,容大科技,2025-06-10,2025-07-07,主板,已上市/半新股,C 等待触发,54.6,等待补充字段或价格触发；更适合二级深V/回踩确认后再行动。,基石阵容较多
2605.HK,元光科技,2025-06-10,2025-06-09,主板,已上市/半新股,C 等待触发,52.1,等待补充字段或价格触发；更适合二级深V/回踩确认后再行动。,等待更多结构数据
2573.HK,新琪安,2025-06-10,2025-06-09,主板,已上市/半新股,D 回避/仅跟踪,48.9,暂不主动参与；仅在明显低估或上市后资金重新进场时复盘。,等待更多结构数据
2621.HK,手回集团,2025-05-30,2025-06-26,主板,已上市/半新股,B 重点观察,63.9,保持交易观察；关注定价、配发结果、暗盘与首日承接，不建议无条件追高。,孖展拥挤；一手中签率低
2603.HK,吉宏股份,2025-05-27,2025-05-26,主板,已上市/半新股,D 回避/仅跟踪,48.8,暂不主动参与；仅在明显低估或上市后资金重新进场时复盘。,等待更多结构数据
2565.HK,派格生物医药-B,2025-05-27,2025-05-26,主板,已上市/半新股,C 等待触发,59.8,等待补充字段或价格触发；更适合二级深V/回踩确认后再行动。,孖展拥挤
1276.HK,恒瑞医药,2025-05-23,2025-06-19,主板,已上市/半新股,B 重点观察,66.3,保持交易观察；关注定价、配发结果、暗盘与首日承接，不建议无条件追高。,孖展拥挤；基石阵容较多
2629.HK,MIRXES-B,2025-05-23,2025-05-22,主板,已上市/半新股,D 回避/仅跟踪,47.4,暂不主动参与；仅在明显低估或上市后资金重新进场时复盘。,等待更多结构数据
3750.HK,宁德时代,2025-05-20,2025-05-20,主板,已上市/半新股,C 等待触发,59.8,等待补充字段或价格触发；更适合二级深V/回踩确认后再行动。,基石阵容较多
6831.HK,绿茶集团,2025-05-16,2025-06-12,主板,已上市/半新股,C 等待触发,61.2,等待补充字段或价格触发；更适合二级深V/回踩确认后再行动。,基石阵容较多
2865.HK,钧达股份,2025-05-08,2025-06-02,主板,已上市/半新股,D 回避/仅跟踪,47.4,暂不主动参与；仅在明显低估或上市后资金重新进场时复盘。,等待更多结构数据
2589.HK,沪上阿姨,2025-05-08,2025-06-01,主板,已上市/半新股,B 重点观察,74.0,保持交易观察；关注定价、配发结果、暗盘与首日承接，不建议无条件追高。,公开超购极热；孖展拥挤
1333.HK,博雷顿,2025-05-07,2025-05-06,主板,已上市/半新股,D 回避/仅跟踪,49.7,暂不主动参与；仅在明显低估或上市后资金重新进场时复盘。,一手中签率低
9606.HK,映恩生物-B,2025-04-15,2025-05-06,主板,已上市/半新股,B 重点观察,62.0,保持交易观察；关注定价、配发结果、暗盘与首日承接，不建议无条件追高。,基石阵容较多
3677.HK,正力新能,2025-04-14,2025-05-09,主板,已上市/半新股,C 等待触发,51.3,等待补充字段或价格触发；更适合二级深V/回踩确认后再行动。,等待更多结构数据
2625.HK,江苏宏信,2025-03-31,2025-03-28,主板,已上市/半新股,D 回避/仅跟踪,44.6,暂不主动参与；仅在明显低估或上市后资金重新进场时复盘。,一手中签率低
2569.HK,舒宝国际,2025-03-27,2025-03-26,主板,已上市/半新股,D 回避/仅跟踪,48.8,暂不主动参与；仅在明显低估或上市后资金重新进场时复盘。,等待更多结构数据
2610.HK,南山铝业国际,2025-03-25,2025-04-22,主板,已上市/半新股,D 回避/仅跟踪,49.1,暂不主动参与；仅在明显低估或上市后资金重新进场时复盘。,等待更多结构数据
2561.HK,维昇药业-B,2025-03-21,2025-04-17,主板,已上市/半新股,C 等待触发,50.5,等待补充字段或价格触发；更适合二级深V/回踩确认后再行动。,基石阵容较多
6693.HK,赤峰黄金,2025-03-10,2025-04-06,主板,已上市/半新股,D 回避/仅跟踪,49.0,暂不主动参与；仅在明显低估或上市后资金重新进场时复盘。,等待更多结构数据
6676.HK,找钢网-W,2025-03-10,2025-03-07,主板,已上市/半新股,D 回避/仅跟踪,45.0,暂不主动参与；仅在明显低估或上市后资金重新进场时复盘。,等待更多结构数据
2097.HK,蜜雪集团,2025-03-03,2025-03-28,主板,已上市/半新股,A 高优先,87.0,一级重点研究；若估值与配售结构合理，可争取额度/锚定，并准备二级回踩买点。,公开超购极热；孖展拥挤；基石阵容较多
1364.HK,古茗,2025-02-12,2025-03-09,主板,已上市/半新股,C 等待触发,59.6,等待补充字段或价格触发；更适合二级深V/回踩确认后再行动。,基石阵容较多
2571.HK,赛目科技,2025-01-15,2025-02-10,主板,已上市/半新股,D 回避/仅跟踪,46.2,暂不主动参与；仅在明显低估或上市后资金重新进场时复盘。,等待更多结构数据
0805.HK,新吉奥房车,2025-01-13,2025-08-31,主板,已上市/半新股,D 回避/仅跟踪,45.5,暂不主动参与；仅在明显低估或上市后资金重新进场时复盘。,等待更多结构数据
2596.HK,宜宾银行,2025-01-13,2025-02-07,主板,已上市/半新股,D 回避/仅跟踪,45.8,暂不主动参与；仅在明显低估或上市后资金重新进场时复盘。,等待更多结构数据
0325.HK,布鲁可,2025-01-10,2025-02-06,主板,已上市/半新股,A 高优先,89.5,一级重点研究；若估值与配售结构合理，可争取额度/锚定，并准备二级回踩买点。,公开超购极热；孖展拥挤
2530.HK,纽曼思,2025-01-10,2025-01-09,主板,已上市/半新股,D 回避/仅跟踪,46.9,暂不主动参与；仅在明显低估或上市后资金重新进场时复盘。,等待更多结构数据
2613.HK,汇舸环保,2025-01-09,2025-01-08,主板,已上市/半新股,D 回避/仅跟踪,47.5,暂不主动参与；仅在明显低估或上市后资金重新进场时复盘。,等待更多结构数据
2560.HK,海螺材料科技,2025-01-09,2025-01-08,主板,已上市/半新股,C 等待触发,50.9,等待补充字段或价格触发；更适合二级深V/回踩确认后再行动。,基石阵容较多
6681.HK,脑动极光-B,2025-01-08,2025-02-02,主板,已上市/半新股,D 回避/仅跟踪,49.1,暂不主动参与；仅在明显低估或上市后资金重新进场时复盘。,等待更多结构数据
2577.HK,英诺赛科,2024-12-30,2025-01-22,主板,已上市/半新股,C 等待触发,50.8,等待补充字段或价格触发；更适合二级深V/回踩确认后再行动。,等待更多结构数据
2506.HK,讯飞医疗科技,2024-12-30,2025-01-22,主板,已上市/半新股,C 等待触发,52.4,等待补充字段或价格触发；更适合二级深V/回踩确认后再行动。,基石阵容较多
2587.HK,健康之路,2024-12-30,2024-12-27,主板,已上市/半新股,D 回避/仅跟踪,49.6,暂不主动参与；仅在明显低估或上市后资金重新进场时复盘。,等待更多结构数据
2431.HK,佑驾创新,2024-12-27,2025-01-20,主板,已上市/半新股,D 回避/仅跟踪,48.0,暂不主动参与；仅在明显低估或上市后资金重新进场时复盘。,等待更多结构数据
2432.HK,越疆,2024-12-23,2025-01-17,主板,已上市/半新股,D 回避/仅跟踪,46.7,暂不主动参与；仅在明显低估或上市后资金重新进场时复盘。,等待更多结构数据
0999.HK,小菜园,2024-12-20,2025-01-16,主板,已上市/半新股,D 回避/仅跟踪,46.4,暂不主动参与；仅在明显低估或上市后资金重新进场时复盘。,等待更多结构数据
2593.HK,草姬集团,2024-12-19,2024-12-18,主板,已上市/半新股,B 重点观察,74.2,保持交易观察；关注定价、配发结果、暗盘与首日承接，不建议无条件追高。,公开超购极热；孖展拥挤；一手中签率低
1318.HK,毛戈平,2024-12-10,2025-01-06,主板,已上市/半新股,A 高优先,80.6,一级重点研究；若估值与配售结构合理，可争取额度/锚定，并准备二级回踩买点。,孖展拥挤；基石阵容较多
2586.HK,多点数智,2024-12-06,2025-01-02,主板,已上市/半新股,D 回避/仅跟踪,47.2,暂不主动参与；仅在明显低估或上市后资金重新进场时复盘。,等待更多结构数据
2570.HK,重塑能源,2024-12-06,2025-01-02,主板,已上市/半新股,D 回避/仅跟踪,46.8,暂不主动参与；仅在明显低估或上市后资金重新进场时复盘。,等待更多结构数据
2585.HK,梦金园,2024-11-29,2024-12-27,主板,已上市/半新股,D 回避/仅跟踪,48.5,暂不主动参与；仅在明显低估或上市后资金重新进场时复盘。,基石阵容较多
2566.HK,九源基因,2024-11-28,2024-11-27,主板,已上市/半新股,B 重点观察,62.5,保持交易观察；关注定价、配发结果、暗盘与首日承接，不建议无条件追高。,孖展拥挤；基石阵容较多
6936.HK,顺丰控股,2024-11-27,2026-03-30,主板,已上市/半新股,C 等待触发,58.3,等待补充字段或价格触发；更适合二级深V/回踩确认后再行动。,基石阵容较多
2582.HK,国富氢能,2024-11-15,2024-11-14,主板,已上市/半新股,D 回避/仅跟踪,47.3,暂不主动参与；仅在明显低估或上市后资金重新进场时复盘。,等待更多结构数据
2519.HK,傲基股份,2024-11-08,2024-12-05,主板,已上市/半新股,D 回避/仅跟踪,48.5,暂不主动参与；仅在明显低估或上市后资金重新进场时复盘。,等待更多结构数据
2551.HK,晶科电子股份,2024-11-08,2024-11-07,主板,已上市/半新股,B 重点观察,73.6,保持交易观察；关注定价、配发结果、暗盘与首日承接，不建议无条件追高。,公开超购极热；孖展拥挤；一手中签率低
2510.HK,德翔海运,2024-11-01,2024-11-28,主板,已上市/半新股,D 回避/仅跟踪,48.8,暂不主动参与；仅在明显低估或上市后资金重新进场时复盘。,基石阵容较多
2563.HK,华昊中天医药-B,2024-10-31,2024-10-30,主板,已上市/半新股,D 回避/仅跟踪,48.1,暂不主动参与；仅在明显低估或上市后资金重新进场时复盘。,一手中签率低
2465.HK,龙蟠科技,2024-10-30,2026-01-15,主板,已上市/半新股,D 回避/仅跟踪,47.6,暂不主动参与；仅在明显低估或上市后资金重新进场时复盘。,等待更多结构数据
2562.HK,狮腾控股,2024-10-30,2024-10-29,主板,已上市/半新股,D 回避/仅跟踪,45.0,暂不主动参与；仅在明显低估或上市后资金重新进场时复盘。,等待更多结构数据
9660.HK,地平线机器人-W,2024-10-24,2024-11-20,主板,已上市/半新股,C 等待触发,54.2,等待补充字段或价格触发；更适合二级深V/回踩确认后再行动。,等待更多结构数据
2460.HK,华润饮料,2024-10-23,2024-11-12,主板,已上市/半新股,B 重点观察,67.0,保持交易观察；关注定价、配发结果、暗盘与首日承接，不建议无条件追高。,基石阵容较多
2567.HK,七牛智能,2024-10-16,2024-11-11,主板,已上市/半新股,D 回避/仅跟踪,46.8,暂不主动参与；仅在明显低估或上市后资金重新进场时复盘。,等待更多结构数据
9639.HK,荣利营造,2024-10-09,2024-10-08,主板,已上市/半新股,C 等待触发,50.4,等待补充字段或价格触发；更适合二级深V/回踩确认后再行动。,等待更多结构数据
2576.HK,太美医疗科技,2024-10-08,2024-11-03,主板,已上市/半新股,D 回避/仅跟踪,46.7,暂不主动参与；仅在明显低估或上市后资金重新进场时复盘。,一手中签率低
2549.HK,卡罗特,2024-10-02,2024-10-28,主板,已上市/半新股,B 重点观察,71.4,保持交易观察；关注定价、配发结果、暗盘与首日承接，不建议无条件追高。,公开超购极热；孖展拥挤
0300.HK,美的集团,2024-09-17,2024-10-14,主板,已上市/半新股,C 等待触发,57.3,等待补充字段或价格触发；更适合二级深V/回踩确认后再行动。,基石阵容较多
8629.HK,集信国控,2024-09-06,2025-12-31,创业板,已上市/半新股,D 回避/仅跟踪,44.1,暂不主动参与；仅在明显低估或上市后资金重新进场时复盘。,等待更多结构数据
2410.HK,同源康医药-B,2024-08-20,2024-08-19,主板,已上市/半新股,D 回避/仅跟踪,47.5,暂不主动参与；仅在明显低估或上市后资金重新进场时复盘。,等待更多结构数据
2533.HK,黑芝麻智能,2024-08-08,2024-09-04,主板,已上市/半新股,D 回避/仅跟踪,47.0,暂不主动参与；仅在明显低估或上市后资金重新进场时复盘。,等待更多结构数据
1471.HK,众淼控股,2024-08-06,2024-09-05,主板,已上市/半新股,D 回避/仅跟踪,48.5,暂不主动参与；仅在明显低估或上市后资金重新进场时复盘。,等待更多结构数据
2531.HK,广联科技控股,2024-07-15,2024-07-12,主板,已上市/半新股,D 回避/仅跟踪,47.5,暂不主动参与；仅在明显低估或上市后资金重新进场时复盘。,等待更多结构数据
2507.HK,西锐,2024-07-12,2024-08-08,主板,已上市/半新股,C 等待触发,52.9,等待补充字段或价格触发；更适合二级深V/回踩确认后再行动。,基石阵容较多
1334.HK,瑞昌国际控股,2024-07-10,2024-08-05,主板,已上市/半新股,D 回避/仅跟踪,49.6,暂不主动参与；仅在明显低估或上市后资金重新进场时复盘。,等待更多结构数据
2495.HK,声通科技,2024-07-10,2024-08-04,主板,已上市/半新股,D 回避/仅跟踪,47.9,暂不主动参与；仅在明显低估或上市后资金重新进场时复盘。,等待更多结构数据
9680.HK,如祺出行,2024-07-10,2024-07-09,主板,已上市/半新股,D 回避/仅跟踪,49.0,暂不主动参与；仅在明显低估或上市后资金重新进场时复盘。,等待更多结构数据
6086.HK,方舟健客,2024-07-09,2024-08-05,主板,已上市/半新股,D 回避/仅跟踪,46.8,暂不主动参与；仅在明显低估或上市后资金重新进场时复盘。,等待更多结构数据
6657.HK,百望股份,2024-07-09,2024-08-04,主板,已上市/半新股,D 回避/仅跟踪,47.9,暂不主动参与；仅在明显低估或上市后资金重新进场时复盘。,等待更多结构数据
2545.HK,中赣通信,2024-07-03,2025-05-12,主板,已上市/半新股,C 等待触发,50.3,等待补充字段或价格触发；更适合二级深V/回踩确认后再行动。,等待更多结构数据
1354.HK,经发物业,2024-07-03,2024-07-29,主板,已上市/半新股,D 回避/仅跟踪,47.6,暂不主动参与；仅在明显低估或上市后资金重新进场时复盘。,一手中签率低
8637.HK,元续科技,2024-07-02,2024-06-28,创业板,已上市/半新股,B 重点观察,71.0,保持交易观察；关注定价、配发结果、暗盘与首日承接，不建议无条件追高。,公开超购极热；孖展拥挤；一手中签率低
2559.HK,嘀嗒出行,2024-06-28,2024-07-25,主板,已上市/半新股,D 回避/仅跟踪,47.0,暂不主动参与；仅在明显低估或上市后资金重新进场时复盘。,等待更多结构数据
6181.HK,老铺黄金,2024-06-28,2024-07-25,主板,已上市/半新股,C 等待触发,61.7,等待补充字段或价格触发；更适合二级深V/回踩确认后再行动。,孖展拥挤；一手中签率低
2479.HK,天聚地合,2024-06-28,2024-06-27,主板,已上市/半新股,C 等待触发,58.0,等待补充字段或价格触发；更适合二级深V/回踩确认后再行动。,孖展拥挤；一手中签率低
2881.HK,武汉有机,2024-06-18,2024-07-15,主板,已上市/半新股,C 等待触发,50.0,等待补充字段或价格触发；更适合二级深V/回踩确认后再行动。,等待更多结构数据
2512.HK,云工场,2024-06-14,2024-10-25,主板,已上市/半新股,D 回避/仅跟踪,46.3,暂不主动参与；仅在明显低估或上市后资金重新进场时复盘。,等待更多结构数据
2228.HK,晶泰控股,2024-06-13,2024-07-07,主板,已上市/半新股,C 等待触发,55.9,等待补充字段或价格触发；更适合二级深V/回踩确认后再行动。,基石阵容较多
2550.HK,宜搜科技,2024-06-07,2024-06-06,主板,已上市/半新股,D 回避/仅跟踪,45.6,暂不主动参与；仅在明显低估或上市后资金重新进场时复盘。,等待更多结构数据
2522.HK,一脉阳光,2024-06-07,2024-06-06,主板,已上市/半新股,C 等待触发,51.0,等待补充字段或价格触发；更适合二级深V/回踩确认后再行动。,一手中签率低
8529.HK,优博控股,2024-06-03,2024-05-31,创业板,已上市/半新股,B 重点观察,70.5,保持交易观察；关注定价、配发结果、暗盘与首日承接，不建议无条件追高。,公开超购极热；孖展拥挤；一手中签率低
2443.HK,汽车街,2024-05-31,2024-05-30,主板,已上市/半新股,C 等待触发,52.3,等待补充字段或价格触发；更适合二级深V/回踩确认后再行动。,等待更多结构数据
2505.HK,EDA集团控股,2024-05-28,2024-06-24,主板,已上市/半新股,D 回避/仅跟踪,48.2,暂不主动参与；仅在明显低估或上市后资金重新进场时复盘。,等待更多结构数据
0917.HK,趣致集团,2024-05-27,2024-05-24,主板,已上市/半新股,D 回避/仅跟踪,48.6,暂不主动参与；仅在明显低估或上市后资金重新进场时复盘。,等待更多结构数据
2898.HK,盛禾生物-B,2024-05-24,2024-05-23,主板,已上市/半新股,D 回避/仅跟踪,46.8,暂不主动参与；仅在明显低估或上市后资金重新进场时复盘。,等待更多结构数据
2529.HK,泓盈城市服务,2024-05-17,2026-04-17,主板,已上市/半新股,C 等待触发,50.7,等待补充字段或价格触发；更适合二级深V/回踩确认后再行动。,基石阵容较多
2556.HK,迈富时,2024-05-16,2024-05-14,主板,已上市/半新股,C 等待触发,50.0,等待补充字段或价格触发；更适合二级深V/回踩确认后再行动。,等待更多结构数据
2438.HK,出门问问,2024-04-24,2024-05-19,主板,已上市/半新股,D 回避/仅跟踪,49.8,暂不主动参与；仅在明显低估或上市后资金重新进场时复盘。,等待更多结构数据
2555.HK,茶百道,2024-04-23,2024-05-20,主板,已上市/半新股,D 回避/仅跟踪,45.8,暂不主动参与；仅在明显低估或上市后资金重新进场时复盘。,等待更多结构数据
2515.HK,天津建发,2024-04-23,2024-05-20,主板,已上市/半新股,C 等待触发,53.0,等待补充字段或价格触发；更适合二级深V/回踩确认后再行动。,等待更多结构数据
